idx,�˻���
0,
1,
2,"1,2-Hexanediol"
3,Glycerin
4,Propylene Glycol
5,
6,
7,
8,
9,MDM Hydantoin
10,
11,
12,Etidronic Acid
13,
14,
15,"2-Bromo-2-Nitropropane-1,3-Diol"
16,
17,
18,
19,
20,
21,Methylisothiazolinone
22,Tromethamine
23,Tromethamine
24,
25,
26,
27,Chloroxylenol
28,
29,4-Terpineol
30,Propylparaben
31,
32,Methylchloroisothiazolinone
33,Disodium Inosinate
34,
35,
36,
37,
38,Crambe Abyssinica Seed Oil
39,Acacia Concinna Fruit Extract
40,Euterpe Oleracea Fruit Extract
41,Euterpe Oleracea Fruit Extract
42,
43,Acer Saccharum Extract
44,Acetamide MEA
45,
46,Acetic Acid
47,Acetic Acid
48,
49,Acetyl Cysteine
50,Acetylated Lanolin Alcohol
51,Achillea Millefolium Extract
52,Achillea Millefolium Extract
53,
54,
55,
56,
57,
58,
59,
60,
61,CI 77231/Calcium Sulfate
62,
63,
64,
65,Acorus Calamus Root Extract
66,Acorus Calamus Root Extract
67,Acrylates/Steareth-20 Methacrylate Copolymer
68,Acrylates/Octylacrylamide Copolymer
69,
70,Acrylates/Steareth-20 Methacrylate Copolymer
71,Acrylates Copolymer
72,
73,Acrylates Copolymer
74,Acrylates/C10-30 Alkyl Acrylate Crosspolymer
75,Acrylates/Steareth-20 Methacrylate Copolymer
76,
77,
78,Actinidia Chinensis Fruit
79,Actinidia Chinensis Fruit Extract
80,
81,
82,
83,Adenosine
84,
85,Aesculus Hippocastanum Seed Extract
86,Agar
87,
88,
89,Alanine
90,
91,
92,
93,
94,Medicago Sativa Extract
95,Algae Extract
96,Algae Extract
97,
98,Alkanna Tinctoria Root Extract
99,Benzalkonium chloride
100,
101,
102,
103,
104,
105,Allantoin
106,Allium Cepa Bulb Extract
107,Allium Sativum Bulb Extract
108,Prunus Amygdalus Dulcis Fruit Extract
109,
110,Prunus Amygdalus Dulcis Oil
111,
112,
113,
114,
115,
116,Aloe Barbadensis Flower Extract
117,
118,Aloe Barbadensis Leaf
119,Aloe Barbadensis Leaf Extract
120,
121,
122,Aloe Barbadensis Leaf Juice Powder
123,
124,Aloe Barbadensis Leaf Juice Powder
125,
126,
127,
128,
129,Lactic Acid
130,Arnica Montana Flower
131,
132,Althaea Officinalis Root Extract
133,Alpha-Isomethyl Ionone
134,Actinidia Chinensis Fruit
135,Aluminum Chlorohydrate
136,Aluminum Silicate
137,
138,
139,
140,
141,
142,
143,
144,
145,Aminomethyl Propanol
146,Phyllanthus Emblica Extract
147,Amyl Cinnamal
148,Ammonia
149,
150,Ammonium Chloride
151,
152,Ammonium Hydroxide
153,Ammonium Laureth Sulfate
154,Ammonium Lauryl Sulfate
155,
156,
157,
158,
159,
160,
161,Amodimethicone
162,
163,
164,Amodimethicone/Silsesquioxane Copolymer
165,
166,
167,
168,
169,Carapa Guaianensis Seed Oil
170,Angelica Acutiloba Root Extract
171,Angelica Polymorpha Sinensis Root Extract
172,
173,
174,Alpha-Glucan Oligosaccharide
175,
176,
177,
178,
179,Anthemis Nobilis Flower Extract
180,
181,Chamomilla Recutita Flower Extract
182,
183,
184,
185,
186,
187,
188,
189,
190,
191,
192,Prunus Armeniaca Fruit Extract
193,
194,Aspartic Acid
195,
196,
197,
198,
199,Avena Sativa Meal Extract
200,
201,Acacia Senegal Gum
202,Arachis Hypogaea Oil
203,Argania Spinosa Kernel Oil
204,Arginine
205,Arginine HCl
206,Arnica Montana Flower
207,Argania Spinosa Kernel Oil
208,Arnica Montana Flower Extract
209,
210,
211,Artemisia Annua Extract
212,
213,Artemisia Princeps Leaf Extract
214,Cynara Scolymus Leaf Extract
215,
216,Ascorbyl Palmitate
217,Asiatic Acid
218,Asiaticoside
219,
220,
221,
222,
223,
224,
225,Avena Sativa Meal Extract
226,Avena Sativa Kernel Extract
227,Avena Sativa Kernel Oil
228,
229,
230,Zingiber Zerumbet Extract
231,Azadirachta Indica Seed Extract
232,
233,
234,
235,
236,
237,
238,
239,
240,Backhousia Anisata Leaf Extract
241,Backhousia Anisata Leaf Extract
242,
243,
244,Bambusa Vulgaris Extract
245,Bambusa Vulgaris Extract
246,CI 77004/Bentonite
247,Bambusa Vulgaris Water
248,Musa Sapientum Fruit Extract
249,
250,
251,Ocimum Basilicum Oil
252,Pimenta Acris Leaf Oil
253,
254,Behentrimonium Chloride
255,Behentrimonium Methosulfate
256,Benzalkonium Chloride
257,Benzethonium Chloride
258,Benzisothiazolinone
259,Benzoic Acid
260,
261,Benzophenone
262,Benzophenone-3
263,Benzophenone-4
264,Benzophenone-5
265,Benzophenone-9
266,
267,Benzyl Acetate
268,Benzyl Alcohol
269,Benzyl Benzoate
270,
271,Benzyl Salicylate
272,Citrus Aurantium Bergamia Fruit Oil
273,Citrus Aurantium Bergamia Fruit Oil
274,Bertholletia Excelsa Seed Oil
275,Bertholletia Excelsa Seed Oil
276,
277,
278,Beta-Carotene
279,Beta-Caryophyllene
280,Cyclodextrin
281,Glucose
282,Beta-Glucan
283,
284,
285,Betaine
286,
287,Betula Alba Bark Extract
288,Betula Alba Bark Extract
289,Betula Alba Leaf Extract
290,Betula Platyphylla Japonica Juice
291,BHA
292,BHT
293,
294,
295,
296,Biosaccharide Gum-4
297,
298,
299,Biotin
300,Betula Alba Bark Extract
301,
302,Bisabolol
303,
304,
305,
306,
307,Bis-Diglyceryl Polyacyladipate-2
308,
309,
310,
311,
312,
313,
314,Piper Nigrum Fruit Oil
315,
316,
317,
318,
319,
320,
321,
322,
323,
324,
325,Vaccinium Angustifolium Fruit
326,
327,
328,
329,Borago Officinalis Extract
330,Borago Officinalis Seed Oil
331,
332,
333,
334,Borneol
335,
336,
337,
338,Boswellia Serrata Extract
339,Boswellia Serrata Gum
340,
341,
342,
343,
344,
345,
346,
347,Brassica Nigra Seed Extract
348,
349,Bromelain
350,Broussonetia Kazinoki Root Extract
351,
352,
353,
354,Butane
355,Butyl Ester of PVM/MA Copolymer
356,Butyl Methoxydibenzoylmethane
357,
358,
359,
360,BHT
361,Butylene Glycol
362,
363,Butylphenyl Methylpropional
364,Butyrospermum Parkii Oil
365,Butyrospermum Parkii Butter
366,
367,
368,Beeswax
369,C10-30 Cholesterol/Lanosterol Esters
370,
371,C12-15 Alkyl Benzoate
372,
373,C12-13 Pareth-23
374,
375,
376,C12-13 Alkyl Lactate
377,
378,
379,C12-14 Pareth-12
380,
381,
382,C12-20 Alkyl Glucoside
383,C13-14 Isoparaffin
384,C14-22 Alcohols
385,
386,Calcium Chloride
387,CI 77231/Calcium Sulfate
388,CI 77220/Calcium Carbonate
389,Melaleuca Leucadendron Cajaput Oil
390,Acorus Calamus Root Extract
391,
392,
393,Calcium Lactate
394,Calcium Pantothenate
395,Calcium PCA
396,Tricalcium Phosphate
397,Calcium Pyrophosphate
398,Dicalcium Phosphate
399,Calcium Phosphate
400,
401,Calendula Officinalis Flower Oil
402,
403,
404,Calendula Officinalis Flower
405,Calendula Officinalis Flower Extract
406,Calendula Officinalis Flower Oil
407,Calendula Officinalis Seed Oil
408,Calendula Officinalis Seed Oil
409,
410,Calophyllum Inophyllum Seed Oil
411,
412,Camellia Japonica Seed Oil
413,Camellia Japonica Seed Oil
414,Caprylyl/Capryl Glucoside
415,
416,Camellia Oleifera Seed Oil
417,Camellia Oleifera Seed Extract
418,Camellia Oleifera Leaf Extract
419,Camellia Sinensis Seed Oil
420,Camellia Sinensis Leaf Extract
421,
422,Camellia Sinensis Leaf Oil
423,Camphor
424,Cananga Odorata Flower Oil
425,Cananga Odorata Flower Oil
426,
427,Cannabis Sativa Seed Oil
428,Canola Oil
429,Capparis Spinosa Fruit Extract
430,Chamomilla Recutita Flower Extract
431,Chamomilla Recutita Flower Extract
432,Capric Acid
433,Caprylic/Capric Triglyceride
434,Caprylic/Capric/Myristic/Stearic Triglyceride
435,
436,Caprylyl Glycol
437,
438,
439,Capsicum Annuum Extract
440,Caramel
441,
442,Carapa Guaianensis seed oil
443,
444,
445,Carbomer
446,Carthamus Tinctorius Seed Oil
447,
448,
449,
450,
451,
452,Caprylic Acid
453,
454,Carbon Dioxide
455,
456,Carica Papaya Fruit Extract
457,
458,
459,
460,Copernicia Cerifera Wax
461,Carbomer
462,
463,Daucus Carota Sativa Root Extract
464,Daucus Carota Sativa Seed Oil
465,
466,
467,Cassia Auriculata Leaf Powder
468,
469,Polyquaternium-47
470,
471,
472,
473,Nepeta Cataria Extract
474,
475,
476,
477,
478,Cedrus Atlantica Bark Extract
479,Cedrus Deodara Wood Oil
480,
481,Cedrus Deodara Wood Oil
482,Cedrus Deodara Wood Oil
483,
484,Centaurea Cyanus Flower Extract
485,Centaurea Cyanus Flower Water
486,
487,
488,Cellulose
489,Cellulose Gum
490,Polyquaternium-10
491,
492,Centella Asiatica Extract
493,Centella Asiatica Leaf Extract
494,
495,
496,
497,Cera Alba
498,
499,
500,
501,
502,
503,Ceresin
504,Cereus Grandiflorus Flower Extract
505,Cetrimonium Bromide
506,
507,
508,Ceteareth-20
509,Ceteareth-60 Myristyl Glycol
510,Ceteth-20
511,
512,Cetearyl Alcohol
513,
514,
515,Cetearyl Glucoside
516,
517,Cetyl Alcohol
518,
519,
520,Cetraria Islandica Extract
521,
522,Cetrimonium Chloride
523,Ceteareth-7
524,Cetyl Ethylhexanoate
525,Cetyl Acetate
526,Cetyl Alcohol
527,
528,Cetyl Esters
529,Cetyl Palmitate
530,Cetylpyridinium Chloride
531,
532,
533,
534,Chamaecyparis Obtusa Oil
535,Chamaecyparis Obtusa Water
536,
537,Agaricus Bisporus Extract
538,Charcoal Powder
539,
540,
541,Prunus Avium Fruit Extract
542,
543,
544,Chitosan
545,
546,
547,
548,
549,Chlorella Vulgaris Extract
550,Chlorhexidine Digluconate
551,Chlorhexidine Digluconate
552,Chlorhexidine
553,
554,
555,Chlorophyllin-Copper Complex
556,Chlorphenesin
557,
558,Cholesterol
559,
560,
561,
562,Sodium Chondroitin Sulfate
563,
564,
565,
566,
567,Chrysanthemum Coccineum Flower Extract
568,Chrysin
569,
570,
571,
572,
573,
574,
575,
576,
577,
578,
579,
580,
581,
582,CI 77266/Carbon Black
583,
584,
585,
586,
587,
588,
589,
590,Cinnamomum Zeylanicum Bark Oil
591,
592,
593,Cinnamomum Cassia Bark Extract
594,Cinnamomum Cassia Leaf Oil
595,Cinnamomum Cassia Leaf Oil
596,
597,Cinnamomum Zeylanicum Bark Oil
598,Cinnamal
599,Cinnamyl Alcohol
600,Cinchona Succirubra Bark Extract
601,Citric Acid
602,Cinnamomum Zeylanicum Bark Oil
603,Citral
604,
605,Climbazole
606,
607,
608,
609,
610,Citrus Limon Juice Extract
611,
612,Citrus Grandis Seed Extract
613,
614,
615,Citrus Aurantifolia Fruit Extract
616,
617,Citrus Aurantifolia Oil
618,
619,Citrus Aurantium Dulcis Oil
620,Citrus Aurantium Dulcis Fruit Extract
621,Citrus Aurantium Dulcis Oil
622,Citrus Aurantium Dulcis Peel Oil
623,Citrus Grandis Seed Extract
624,Citrus Reticulata Leaf Oil
625,
626,Citrus Paradisi Fruit Extract
627,Citrus Tangerina Peel Oil
628,Citrus Unshiu Extract
629,Citrus Aurantium Bergamia Fruit Oil
630,
631,
632,
633,
634,
635,Cocamide MEA
636,Cocamide DEA
637,
638,
639,
640,Cocamide MIPA
641,Cupressus Sempervirens Oil
642,
643,Vaccinium Macrocarpon Fruit Extract
644,Vaccinium Macrocarpon Seed Oil
645,Cocamidopropyl Betaine
646,Cocamine Oxide
647,
648,Cocamidopropyl Hydroxysultaine
649,Cocamidopropylamine Oxide
650,Cocamidopropyl PG-Dimonium Chloride
651,Cocamidopropyl PG-Dimonium Chloride Phosphate
652,Coco-Betaine
653,Coco-Glucoside
654,
655,
656,
657,
658,Coco/Sunfloweramidopropyl Betaine
659,Theobroma Cacao Seed Butter
660,
661,
662,
663,
664,
665,
666,
667,
668,
669,Cocodimonium Hydroxypropyl Hydrolyzed Keratin
670,Cocodimonium Hydroxypropyl Hydrolyzed Rice Protein
671,Cocodimonium Hydroxypropyl Hydrolyzed Wheat Protein
672,
673,
674,Cocamide Dea
675,
676,Coconut Alcohol
677,
678,
679,Cocos Nucifera Oil
680,Cocos Nucifera Oil
681,
682,Cocos Nucifera Fruit Extract
683,
684,
685,
686,
687,
688,Cocotrimonium Methosulfate
689,
690,
691,Cocoyl Sarcosine
692,Coffea Arabica Seed Oil
693,
694,
695,
696,Colloidal Oatmeal
697,
698,
699,
700,
701,Collagen
702,
703,Cucumis Sativus Fruit Extract
704,
705,
706,Commiphora Myrrha Oil
707,Symphytum Officinale Extract
708,Symphytum Officinale Extract
709,
710,Symphytum Officinale Leaf Extract
711,
712,
713,
714,
715,
716,
717,
718,Copaifera Officinalis Resin
719,Copaifera Officinalis Resin
720,Copernicia Cerifera Wax
721,
722,
723,
724,
725,Copper Gluconate
726,
727,
728,
729,
730,
731,
732,Zea Mays Starch
733,
734,
735,
736,Coumarin
737,
738,Creatine
739,
740,Crataegus Monogyna Fruit Extract
741,
742,Crithmum Maritimum Extract
743,
744,
745,
746,Croton Lechleri Resin Extract
747,
748,
749,
750,
751,
752,
753,Cucurbita Pepo Seed Extract
754,Cucurbita Pepo Seed Extract
755,
756,
757,Cyclohexasiloxane
758,Cyamopsis Tetragonoloba Gum
759,Cyamopsis Tetragonoloba Gum
760,Cyanocobalamin
761,Cyclodextrin
762,Cyclomethicone
763,
764,
765,
766,
767,
768,
769,
770,Cymbopogon Flexuosus Oil
771,Cymbopogon Martini Oil
772,Cymbopogon Martini Oil
773,
774,Cymbopogon Nardus Oil
775,Cymbopogon Nardus Oil
776,Citronellol
777,Cupressus Sempervirens Oil
778,
779,Cysteine
780,Cyclopentasiloxane
781,Daucus Carota Sativa Seed Oil
782,
783,
784,
785,
786,Water
787,Decyl Glucoside
788,Dextrin
789,
790,Disodium Cocamido MIPA-Sulfosuccinate
791,Dicaprylyl Ether
792,
793,Diatomaceous Earth
794,Denatonium Benzoate
795,DI-C12-13 Alkyl Malate
796,
797,Diazolidinyl Urea
798,
799,
800,
801,
802,
803,
804,
805,Diglycerin
806,
807,Dihydrogenated Tallow Phthalic Acid Amide
808,Dihydroxypropyl PEG-5 Linoleammonium Chloride
809,Diisopropyl Adipate
810,Peucedanum Graveolens Extract
811,
812,Dicetyldimonium Chloride
813,Dimethicone
814,
815,
816,
817,
818,
819,
820,Dimethicone PEG-8 Meadowfoamate
821,Dimethicone Propyl PG-Betaine
822,
823,Dimethiconol
824,
825,Dimethyl Glutarate
826,Dimethyl Lauramine Isostearate
827,Dimethyl Stearamine
828,Dimethyl Sulfone
829,
830,
831,
832,
833,Diethylhexyl Sodium Sulfosuccinate
834,Dipotassium Phosphate
835,Disodium Cocoamphodiacetate
836,Dicaprylyl Carbonate
837,Dipotassium Glycyrrhizate
838,Dipropylene Glycol
839,
840,
841,Daemonorops Draco Extract
842,
843,
844,Decyl Oleate
845,
846,
847,
848,
849,
850,
851,Dipalmitoylethyl Hydroxyethylmonium Methosulfate
852,
853,
854,
855,Disodium Lauryl Sulfosuccinate
856,Disodium Distyrylbiphenyl Disulfonate
857,Disodium Cocoamphodipropionate
858,Disodium Cocoyl Glutamate
859,Disodium Distyrylbiphenyl Disulfonate
860,
861,Disodium EDTA
862,Disodium Phosphate
863,Disodium Laureth Sulfosuccinate
864,Disodium Oleamido MIPA-Sulfosuccinate
865,Disodium Oleamido MEA-Sulfosuccinate
866,Disodium Phosphate
867,Disodium Phosphate
868,Disodium Pyrophosphate
869,
870,Disteareth-75 IPDI
871,Distearoylethyl Dimonium Chloride
872,Distearyl Phthalic Acid Amide
873,Distearyldimonium Chloride
874,
875,Divinyldimethicone/Dimethicone Copolymer
876,Carnitine HCl
877,Carnitine
878,
879,
880,
881,DMDM Hydantoin
882,DMDM Hydantoin
883,
884,
885,
886,
887,Docosahexaenoic Acid
888,
889,
890,
891,Taraxacum Officinale Extract
892,Di-C12-13 Alkyl Tartrate
893,
894,Echinacea Angustifolia Extract
895,Eclipta Prostrata Extract
896,
897,EDTA
898,EDTA
899,Tetrasodium EDTA
900,Disodium EDTA
901,
902,
903,
904,
905,Eicosapentaenoic acid
906,Elaeis Guineensis Oil
907,Elastin
908,Sambucus Nigra Fruit Extract
909,Water
910,Elettaria Cardamomum Seed Oil
911,
912,
913,Emu Oil
914,
915,
916,
917,
918,
919,
920,
921,
922,
923,
924,
925,
926,Equisetum Arvense Extract
927,Equisetum Arvense Extract
928,
929,
930,
931,Eriobotrya Japonica Leaf Extract
932,Erythorbic Acid
933,
934,
935,
936,Ethanolamine
937,Ethoxydiglycol
938,
939,
940,
941,
942,
943,
944,Ethyl Lactate
945,Ethyl Linolenate
946,Ethylparaben
947,Ethyl Vanillin
948,
949,
950,
951,
952,
953,
954,
955,Ethylhexyl Palmitate
956,Ethylhexylglycerin
957,
958,
959,Eucalyptol
960,Eucalyptus Citriodora Oil
961,Eucalyptus Globulus Leaf Extract
962,Eucalyptus Globulus Leaf Oil
963,Eucalyptus Globulus Leaf Oil
964,Eucalyptus Globulus Leaf Extract
965,Eucalyptus Globulus Leaf Oil
966,Eucalyptus Globulus Leaf Oil
967,
968,
969,Eugenia Caryophyllus Bud Oil
970,Eugenia Caryophyllus Bud Oil
971,Eugenia Caryophyllus Flower Extract
972,Eugenia Caryophyllus Flower Oil
973,Eugenia Caryophyllus Leaf Oil
974,Eugenol
975,
976,
977,
978,
979,Euterpe Oleracea Fruit Oil
980,Euterpe Oleracea Fruit Oil
981,Euterpe Oleracea Fruit Oil
982,
983,
984,
985,Malva Sylvestris Extract
986,Equisetum Arvense Extract
987,
988,
989,Colloidal Oatmeal
990,Milk Extract
991,
992,Helianthus Annuus Extract
993,
994,
995,
996,
997,
998,
999,Farnesol
1000,
1001,
1002,
1003,Tussilago Farfara Flower Extract
1004,
1005,
1006,
1007,
1008,
1009,
1010,
1011,
1012,
1013,Foeniculum Vulgare Fruit Powder
1014,Foeniculum Vulgare Fruit Extract
1015,
1016,Foeniculum Vulgare Oil
1017,Fermented Vegetable
1018,
1019,
1020,
1021,
1022,
1023,
1024,
1025,
1026,
1027,
1028,Foeniculum Vulgare Fruit Extract
1029,Folic Acid
1030,
1031,
1032,
1033,
1034,
1035,
1036,
1037,
1038,
1039,
1040,
1041,Formic Acid
1042,
1043,
1044,
1045,
1046,
1047,Fragaria Vesca Fruit Extract
1048,
1049,
1050,
1051,
1052,
1053,
1054,
1055,
1056,
1057,
1058,
1059,
1060,
1061,
1062,
1063,
1064,
1065,
1066,
1067,
1068,
1069,
1070,Fructose
1071,Fusanus Spicatus Wood Oil
1072,Fucus Vesiculosus Extract
1073,Fucus Vesiculosus Extract
1074,Fuller's Earth
1075,
1076,Fusanus Spicatus Wood Oil
1077,
1078,Galactoarabinan
1079,Gallic Acid
1080,Gamma-Undecalactone
1081,
1082,
1083,
1084,
1085,Gaultheria Procumbens Leaf OIl
1086,
1087,Gelatin
1088,
1089,Gentiana Lutea Root Extract
1090,Geraniol
1091,Geranium Maculatum Extract
1092,Geranium Maculatum Oil
1093,
1094,
1095,
1096,
1097,
1098,Ginkgo Biloba Nut Extract
1099,Ginkgo Biloba Leaf Extract
1100,
1101,
1102,Gluconolactone
1103,Glucosamine HCl
1104,
1105,Glucose
1106,Glucose Glutamate
1107,Glucose Oxidase
1108,Glutamic Acid
1109,Glutamine
1110,
1111,Glutathione
1112,
1113,Glycereth-2 Cocoate
1114,
1115,Glycerin
1116,
1117,
1118,
1119,Glyceryl Caprylate
1120,Glyceryl Cocoate
1121,Glyceryl Hydroxystearate
1122,Glyceryl Linoleate
1123,Glyceryl Stearate
1124,
1125,Glyceryl Oleate
1126,Glyceryl Polymethacrylate
1127,Glycol Stearate
1128,Glyceryl Stearate SE
1129,
1130,Glycine
1131,
1132,Glycine Soja Oil
1133,
1134,
1135,
1136,Glycol Distearate
1137,
1138,Glycol Stearate
1139,
1140,Glycolic Acid
1141,Glycolipids
1142,
1143,Glycoproteins
1144,Glycyrrhetinic Acid
1145,Glycyrrhiza Uralensis Root Extract
1146,Glycyrrhiza Glabra Root Extract
1147,Glycyrrhiza Glabra Root Extract
1148,
1149,
1150,
1151,Citrus Paradisi Fruit Extract
1152,Vitis Vinifera Seed Extract
1153,Vitis Vinifera Seed Oil
1154,Citrus Paradisi Fruit Extract
1155,Citrus Paradisi Fruit Extract
1156,
1157,
1158,
1159,
1160,
1161,
1162,
1163,
1164,
1165,
1166,
1167,Guar Hydroxypropyltrimonium Chloride
1168,Guaiazulene
1169,Psidium Guajava Fruit Extract
1170,Xanthan Gum
1171,Glyceryl Undecylenate
1172,
1173,
1174,
1175,
1176,Hamamelis Virginiana Flower Water
1177,
1178,
1179,Hectorite
1180,Hedera Helix Extract
1181,Hedychium Coronarium Root Extract
1182,Hedychium Coronarium Root Extract
1183,Helianthus Annuus Seed Oil
1184,Helianthus Annuus Seed Oil
1185,
1186,Lawsonia Inermis Extract
1187,
1188,
1189,
1190,
1191,
1192,
1193,Hexapeptide-3
1194,Hexyl Cinnamal
1195,Hexylene Glycol
1196,
1197,
1198,Hibiscus Sabdariffa Flower Extract
1199,
1200,
1201,Hinokitiol
1202,Histidine
1203,
1204,
1205,
1206,Honey Extract
1207,Lonicera Caprifolium Extract
1208,Humulus Lupulus Extract
1209,Hordeum Vulgare Extract
1210,Marrubium Vulgare Extract
1211,Aesculus Hippocastanum Seed Extract
1212,
1213,Equisetum Arvense Extract
1214,Houttuynia Cordata Extract
1215,
1216,
1217,
1218,Humulus Lupulus Extract
1219,
1220,Hyacinthus Orientalis Extract
1221,
1222,Hydrochloric Acid
1223,Hyaluronic Acid
1224,Hyaluronic Acid
1225,
1226,Hydrated Silica
1227,
1228,
1229,Hydrofluorocarbon 152a
1230,Hydrogen Peroxide
1231,Hydrogenated Castor Oil
1232,
1233,Hydrogenated Lecithin
1234,Hydrogenated Polydecene
1235,Hydrogenated Starch Hydrolysate
1236,
1237,
1238,
1239,
1240,
1241,
1242,
1243,
1244,
1245,
1246,Hydrolyzed Collagen
1247,
1248,Hydrolyzed Elastin
1249,
1250,
1251,
1252,Hydrolyzed Keratin
1253,
1254,
1255,Hydrolyzed Milk Protein
1256,
1257,Hydrolyzed Oat Protein
1258,
1259,Hydrolyzed Pea Protein
1260,Hydrolyzed Rice Protein
1261,Hydrolyzed Roe
1262,Hydrolyzed Silk
1263,
1264,
1265,
1266,Hydrolyzed Soy Protein
1267,
1268,Hydrolyzed Vegetable Protein
1269,
1270,Hydrolyzed Wheat Protein
1271,
1272,Hydrolyzed Wheat Protein PG-Propyl Silanetriol
1273,
1274,Hydrolyzed Wheat Starch
1275,
1276,Hydroxypropyl Methylcellulose
1277,
1278,Hydroxycitronellal
1279,
1280,Hydroxyapatite
1281,Hydroxycetyl Hydroxyethyl Dimonium Chloride
1282,Hydroxyethyl Ethylcellulose
1283,
1284,Hydroxyethyl Urea
1285,
1286,Hydroxypropyl Biscetearyldimonium Chloride
1287,
1288,Hydroxypropyl Guar
1289,Hydroxypropyl Guar Hydroxypropyltrimonium Chloride
1290,
1291,Hydroxypropyltrimonium Honey
1292,Hydroxypropyltrimonium Hydrolyzed Casein
1293,Hydroxypropyltrimonium Hydrolyzed Silk
1294,
1295,Hypericum Perforatum Extract
1296,Hypericum Perforatum Extract
1297,Hypericum Perforatum Oil
1298,
1299,Imidazolidinyl Urea
1300,Impatiens Balsamina Flower Extract
1301,
1302,Inositol
1303,
1304,
1305,Iodoform
1306,Iodopropynyl Butylcarbamate
1307,
1308,
1309,Ferric Chloride
1310,
1311,
1312,
1313,
1314,
1315,
1316,Isoamyl Laurate
1317,Isododecane
1318,Isobutane
1319,
1320,Isobutylparaben
1321,Isoceteth-20
1322,
1323,Isohexadecane
1324,Isoleucine
1325,Isooctane
1326,
1327,Isopentyldiol
1328,
1329,Isopropyl Alcohol
1330,Isostearamidopropyl Morpholine Lactate
1331,Isopropyl Jojobate
1332,Isopropyl Myristate
1333,Isopropyl Palmitate
1334,
1335,
1336,
1337,
1338,Lonicera Japonica Flower Extract
1339,Jasminum Officinale Extract
1340,
1341,
1342,Jasminum Officinale Extract
1343,Simmondsia Chinensis Seed Extract
1344,Jojoba Alcohol
1345,Jojoba Esters
1346,Simmondsia Chinensis Seed Extract
1347,Simmondsia Chinensis Seed Oil
1348,Simmondsia Chinensis Seed Oil
1349,Ziziphus Jujuba Fruit Extract
1350,
1351,
1352,Juniperus Communis Fruit Oil
1353,
1354,
1355,Kaolin
1356,
1357,
1358,
1359,
1360,Keratin
1361,Keratin Amino Acids
1362,
1363,
1364,
1365,
1366,Kunzea Ericoides Leaf Oil
1367,Lactamide MEA
1368,
1369,Lactic Acid
1370,
1371,
1372,
1373,
1374,
1375,
1376,
1377,
1378,
1379,
1380,Lactoferrin
1381,
1382,Lactoperoxidase
1383,
1384,Lactose
1385,
1386,
1387,Laminaria Japonica Extract
1388,Lamium Album Extract
1389,Lamium Album Flower Extract
1390,
1391,Lanolin
1392,Lanolin Oil
1393,
1394,
1395,
1396,Larrea Divaricata Extract
1397,
1398,Lauramide DEA
1399,Lauramidopropylamine Oxide
1400,Lauramidopropyl Betaine
1401,Lauramine Oxide
1402,Laurdimonium Hydroxypropyl Hydrolyzed Keratin
1403,
1404,Laureth-10
1405,Laureth-12
1406,Laureth-16
1407,Laureth-2
1408,Laureth-25
1409,Laureth-4
1410,Laureth-5
1411,Laureth-7
1412,Laureth-9
1413,Lauric Acid
1414,
1415,
1416,
1417,
1418,Lauryl Betaine
1419,
1420,Lauryl Glucoside
1421,
1422,Lauryl Methyl Gluceth-10 Hydroxypropyldimonium Chloride
1423,
1424,Lauryl Pyrrolidone
1425,
1426,Laurdimonium Hydroxypropyl Hydrolyzed Soy Protein
1427,
1428,Sodium Laurylglucosides Hydroxypropylsulfonate
1429,Lavandula Hybrida Extract
1430,
1431,Lavandula Angustifolia Extract
1432,Lavandula Angustifolia flower extract
1433,Lavandula Angustifolia Oil
1434,Lavandula Hybrida Oil
1435,Lavandula Angustifolia Extract
1436,Lavandula Angustifolia Extract
1437,
1438,Lavandula Angustifolia Oil
1439,Lavandula Angustifolia Flower Water
1440,
1441,
1442,
1443,Lawsonia Inermis Extract
1444,Lawsonia Inermis Extract
1445,
1446,Lecithin
1447,Citrus Limon Fruit Oil
1448,
1449,
1450,
1451,
1452,
1453,
1454,
1455,Leptospermum Petersonii Oil
1456,Leptospermum Petersonii Oil
1457,
1458,
1459,Leucine
1460,
1461,Levulinic Acid
1462,
1463,
1464,
1465,
1466,
1467,Limnanthes Alba Seed Oil
1468,Limonene
1469,Linum Usitatissimum Seed Oil
1470,Linalool
1471,
1472,Linoleamidopropyl ethyldimonium ethosulfate
1473,
1474,Linoleamidopropyl PG-Dimonium Chloride Phosphate Dimethicone
1475,Linoleic Acid
1476,
1477,Linolenic Acid
1478,Linseed Acid
1479,Linum Usitatissimum Seed Oil
1480,
1481,Lipase
1482,
1483,
1484,Paraffin
1485,Litchi Chinensis Fruit Extract
1486,
1487,Lithospermum Erythrorhizon Root Extract
1488,
1489,Litsea Cubeba Fruit Oil
1490,Lysine
1491,
1492,Lonicera Caprifolium Flower Extract
1493,Tartaric Acid
1494,
1495,
1496,Litchi Chinensis Fruit Extract
1497,Lysozyme
1498,
1499,Tyrosine
1500,Ornithine HCL
1501,Lonicera Japonica Flower Extract
1502,Lonicera Japonica Flower Extract
1503,Macadamia Ternifolia Seed Extract
1504,Macadamia Ternifolia Seed Oil
1505,Macadamia Integrifolia Seed Oil
1506,
1507,
1508,Macrocystis Pyrifera Extract
1509,Madecassic Acid
1510,Madecassoside
1511,
1512,Magnesium Aluminum Silicate
1513,
1514,
1515,
1516,Magnesium Laureth Sulfate
1517,
1518,
1519,Magnesium oxide
1520,Magnesium stearate
1521,Magnesium sulfate
1522,Magnesium Sulfate
1523,
1524,
1525,
1526,Melaleuca Alternifolia Leaf Oil
1527,Malic Acid
1528,
1529,Malva Sylvestris Flower Extract
1530,Malt Extract
1531,Malt Extract
1532,
1533,
1534,Maltodextrin
1535,
1536,
1537,
1538,
1539,
1540,
1541,
1542,
1543,Manganese sulfate
1544,
1545,
1546,
1547,Mangifera Indica Seed Butter
1548,Mannitol
1549,
1550,
1551,
1552,
1553,
1554,
1555,
1556,Marrubium vulgare extract
1557,
1558,Althaea Officinalis Root Extract
1559,
1560,
1561,Meadowfoam Delta-Lactone
1562,
1563,Medicago Sativa Extract
1564,Medicago Sativa Extract
1565,
1566,
1567,Melaleuca Alternifolia Leaf Oil
1568,Melaleuca Alternifolia Leaf Oil
1569,Melaleuca Alternifolia Leaf Oil
1570,
1571,Melaleuca Quinquenervia Oil
1572,
1573,
1574,
1575,Melia Azadirachta Extract
1576,
1577,
1578,
1579,Melissa Officinalis Extract
1580,
1581,Cucumis Melo Fruit Extract
1582,
1583,
1584,Mentha Piperita Extract
1585,
1586,Mentha Pulegium Oil
1587,
1588,Menthol
1589,
1590,Methionine
1591,
1592,
1593,
1594,
1595,
1596,
1597,
1598,
1599,
1600,
1601,Methyl salicylate
1602,
1603,
1604,
1605,
1606,
1607,
1608,Methylisothiazolinone
1609,
1610,
1611,
1612,
1613,
1614,
1615,Methylchloroisothiazolinone
1616,
1617,
1618,Microcrystalline cellulose
1619,Microcrystalline Wax
1620,CI 77019/Mica
1621,Michelia Alba Flower Oil
1622,Milk Protein
1623,
1624,
1625,
1626,
1627,
1628,Mink Oil
1629,
1630,
1631,
1632,
1633,
1634,
1635,
1636,Tocopherol
1637,Cocamide DEA
1638,
1639,
1640,
1641,
1642,
1643,
1644,Montmorillonite
1645,Moringa Oleifera Seed Extract
1646,
1647,
1648,
1649,Morus Alba Root Extract
1650,Verbascum Thapsus Extract
1651,
1652,Musa Sapientum Fruit Extract
1653,
1654,
1655,
1656,
1657,
1658,Myristic acid
1659,Myristyl Alcohol
1660,Myristyl Myristate
1661,
1662,
1663,Myrtrimonium bromide
1664,Sambucus Nigra Fruit Extract
1665,
1666,
1667,
1668,
1669,
1670,
1671,
1672,
1673,
1674,Sodium Bicarbonate
1675,Nasturtium Officinale Extract
1676,
1677,
1678,
1679,
1680,
1681,
1682,
1683,
1684,
1685,
1686,
1687,
1688,
1689,
1690,Nepeta Cataria Extract
1691,Neohesperidin Dihydrochalcone
1692,
1693,
1694,
1695,
1696,
1697,
1698,
1699,
1700,
1701,
1702,Azadirachta Indica Seed Extract
1703,
1704,
1705,
1706,
1707,
1708,Niacin
1709,Niacinamide
1710,
1711,
1712,Nitrogen
1713,
1714,
1715,
1716,
1717,
1718,
1719,
1720,
1721,
1722,Nonoxynol-9
1723,
1724,
1725,
1726,Oryza Sativa Bran Oil
1727,Evernia Prunastri Extract
1728,
1729,Avena Sativa Kernel Extract
1730,Ethylhexyl Methoxycinnamate
1731,Avena Sativa Kernel Protein
1732,Avena Sativa Kernel Meal
1733,Avena Sativa Meal Extract
1734,Octyldodecanol
1735,Ethylhexyl Methoxycinnamate
1736,
1737,
1738,Avena Sativa Kernel Protein
1739,Octoxynol-9
1740,
1741,Octyldodecyl Myristate
1742,Octyldodecyl Lactate
1743,
1744,Octoxynol-40
1745,
1746,
1747,Oenothera Biennis Oil
1748,Oenothera Biennis (Evening Primrose) Flower Extract
1749,Oenothera Biennis Oil
1750,
1751,
1752,
1753,
1754,Olea Europaea Leaf Extract
1755,Olea Europaea Fruit Oil
1756,Ononis Spinosa Root Extract
1757,
1758,Oleth-20
1759,Oleth-10
1760,Oleth-5
1761,
1762,Oleyl alcohol
1763,Boswellia Serrata Gum
1764,
1765,Oleic acid
1766,
1767,
1768,
1769,
1770,
1771,
1772,
1773,
1774,
1775,
1776,
1777,
1778,
1779,
1780,
1781,Oryza Sativa Starch
1782,Oryzanol
1783,
1784,
1785,
1786,Ozokerite
1787,Paeonia Lactiflora Extract
1788,Paeonia Lactiflora Root Extract
1789,Paeonia Albiflora Flower Extract
1790,Palm Kernel Glycerides
1791,Palm kernelamide DEA
1792,
1793,
1794,
1795,Palmitic acid
1796,
1797,
1798,Panthenol
1799,Panthenyl Hydroxypropyl Steardimonium Chloride
1800,
1801,Pantothenic Acid
1802,Papain
1803,Carica Papaya Fruit Extract
1804,Carica Papaya Leaf Extract
1805,
1806,Chloroxylenol
1807,Calcium Pantothenate
1808,
1809,
1810,
1811,
1812,Parietaria Officinalis Extract
1813,
1814,
1815,Passiflora Edulis Seed Oil
1816,Passiflora Incarnata Fruit Extract
1817,Passiflora Incarnata Extract
1818,
1819,
1820,
1821,
1822,
1823,
1824,PCA Ethyl Cocoyl Arginate
1825,
1826,
1827,
1828,Perilla Ocymoides Leaf Extract
1829,
1830,
1831,
1832,
1833,PEG-16 Macadamia Glycerides
1834,
1835,PEG-25 Hydrogenated Castor Oil
1836,PEG-400
1837,
1838,PEG/PPG-18/18 Dimethicone
1839,PEG/PPG-20/6 Dimethicone
1840,PEG-100 Stearate
1841,PPG-12 Dimethicone
1842,PEG-12 Dimethicone
1843,PEG-120 Methyl Glucose Dioleate
1844,
1845,PEG-120 STEARATE
1846,
1847,
1848,PEG-14M
1849,PEG-15 Cocopolyamine
1850,PEG-150
1851,PEG-150 Distearate
1852,PEG-150 Pentaerythrityl Tetrastearate
1853,PEG-18 Glyceryl Oleate/Cocoate
1854,PEG-20 Castor Oil
1855,PEG-20 Stearate
1856,PEG-23 stearate
1857,PEG-3 Distearate
1858,PEG-30 Dipolyhydroxystearate
1859,PEG-40 Castor Oil
1860,PEG-40 Hydrogenated Castor Oil
1861,
1862,PEG-45 palm kernel glycerides
1863,
1864,PEG-45M
1865,
1866,PEG-55 Stearate
1867,
1868,PEG-6 Undecylenate
1869,PEG-60 Almond Glycerides
1870,PEG-60 Hydrogenated Castor Oil
1871,
1872,PEG-7 Glyceryl Cocoate
1873,PEG-75
1874,PEG-75 Lanolin
1875,PEG-8
1876,
1877,PEG-8 Laurate
1878,PEG-8 Stearate
1879,PEG-80 Sorbitan Laurate
1880,PEG-90 Glyceryl Isostearate
1881,
1882,Pelargonium Graveolens Extract
1883,Pelargonium Graveolens Flower Oil
1884,
1885,
1886,Pelvetia Canaliculata Extract
1887,Mentha Pulegium Oil
1888,
1889,Pentaerythrityl Tetracocoate
1890,Pentylene Glycol
1891,Paeonia Lactiflora Extract
1892,Mentha Piperita Extract
1893,Mentha Piperita Oil
1894,
1895,
1896,
1897,
1898,
1899,
1900,Persea Gratissima Oil
1901,Persea Gratissima Fruit Extract
1902,Persea Gratissima Oil
1903,
1904,
1905,Petrolatum
1906,Petroleum Distillates
1907,
1908,
1909,Phellodendron Amurense Bark Extract
1910,Phellodendron Amurense Bark Extract
1911,
1912,Phenoxyethanol
1913,
1914,
1915,
1916,
1917,Phenyl Trimethicone
1918,Phenylalanine
1919,
1920,
1921,
1922,
1923,
1924,
1925,Phospholipids
1926,Phosphoric Acid
1927,
1928,
1929,Phytosphingosine
1930,Phytantriol
1931,Squalane
1932,
1933,
1934,
1935,
1936,
1937,
1938,
1939,Pinus Pinaster Bark Extract
1940,
1941,
1942,
1943,Pinus Sylvestris Cone Extract
1944,Pinus Sylvestris Leaf Oil
1945,Piper Nigrum Fruit Oil
1946,
1947,
1948,Piroctone Olamine
1949,
1950,
1951,
1952,
1953,
1954,
1955,
1956,
1957,Plumeria Acutifolia Flower Extract
1958,
1959,
1960,
1961,Pogostemon Cablin Oil
1962,Poloxamer 338
1963,Poloxamer 407
1964,
1965,
1966,Hydroxylated Lanolin
1967,
1968,
1969,Polyacrylamide
1970,Polyacrylate-19
1971,
1972,Polyaminopropyl Biguanide
1973,Polyepsilon-Lysine
1974,
1975,
1976,
1977,
1978,
1979,
1980,
1981,
1982,
1983,Polyglutamic Acid
1984,Polyglyceryl-10 Laurate
1985,
1986,Polyglyceryl-10 Distearate
1987,Polyglyceryl-10 Laurate
1988,Polyglyceryl-10 Oleate
1989,Polyglyceryl-10 Stearate
1990,
1991,
1992,Polyglyceryl-3 Beeswax
1993,Polyglyceryl-4 Caprate
1994,
1995,Polyglyceryl-5 Oleate
1996,
1997,
1998,Polygonum Multiflorum Root Extract
1999,
2000,Polyisobutene
2001,
2002,
2003,Polymethoxy Bicyclic Oxazolidine
2004,Polymethylsilsesquioxane
2005,
2006,
2007,
2008,
2009,
2010,
2011,
2012,
2013,
2014,
2015,
2016,
2017,
2018,
2019,
2020,
2021,
2022,
2023,
2024,
2025,
2026,
2027,
2028,
2029,
2030,
2031,
2032,Polyquaternium-28
2033,Polyquaternium-7
2034,Polyquaternium-10
2035,Polyquaternium-11
2036,Polyquaternium-4
2037,Polyquaternium-44
2038,Polyquaternium-47
2039,Polyquaternium-67
2040,Polyquaternium-7
2041,Polyquaternium-37
2042,Polyquaternium-71
2043,
2044,Polysorbate 85
2045,Polysorbate 20
2046,Polysorbate 60
2047,Polysorbate 80
2048,Polyquaternium-64
2049,Polyquaternium-22
2050,
2051,
2052,
2053,
2054,
2055,Punica Granatum Fruit Extract
2056,Pongamia Glabra Seed Oil
2057,
2058,Portulaca Oleracea Extract
2059,
2060,
2061,Potassium Chloride
2062,Potassium cocoate
2063,
2064,Potassium Cocoyl Glycinate
2065,
2066,Potassium gluconate
2067,Potassium Hydroxide
2068,
2069,
2070,
2071,Potassium olivate
2072,Potassium phosphate
2073,
2074,Potassium sorbate
2075,Potassium sulfate
2076,
2077,Solanum Tuberosum Starch
2078,
2079,
2080,
2081,
2082,Milk
2083,
2084,PPG-1 Trideceth-6
2085,PPG-10 Methyl Glucose Ether
2086,PPG-12-PEG-50 Lanolin
2087,PPG-12-PEG-65 Lanolin oil
2088,PPG-1-PEG-9 Lauryl Glycol Ether
2089,PPG-26-Buteth-26
2090,
2091,PPG-3 Benzyl Ether Myristate
2092,PPG-5-Ceteth-20
2093,
2094,
2095,
2096,Proline
2097,Propane
2098,Propanediol
2099,
2100,Propionic acid
2101,
2102,Propylene Glycol
2103,Propolis Extract
2104,
2105,Propolis Extract
2106,
2107,
2108,
2109,
2110,
2111,
2112,Propyl gallate
2113,
2114,
2115,
2116,
2117,
2118,Propylene Glycol Dicaprylate/Dicaprate
2119,
2120,
2121,
2122,
2123,Propylparaben
2124,
2125,Protease
2126,
2127,Pantothenic Acid
2128,Prunus Amygdalus Dulcis Oil
2129,Prunus amygdalus dulcis oil
2130,Prunus Serrulata Flower Extract
2131,
2132,Psidium guajava fruit extract
2133,
2134,
2135,Pulsatilla koreana extract
2136,Cucurbita Pepo Seed Oil
2137,Punica Granatum Seed Oil
2138,Punica granatum Bark Extract
2139,
2140,Punica Granatum Seed Oil
2141,Cymbopogon Schoenanthus oil
2142,Water
2143,Water
2144,
2145,PVM/MA Decadiene Crosspolymer
2146,PVP
2147,
2148,
2149,
2150,
2151,
2152,Pyridoxine HCl
2153,Zinc Pyrithione
2154,Pyrus Malus Fruit
2155,
2156,
2157,
2158,Quaternium-26
2159,Quaternium-82
2160,Quaternium-15
2161,
2162,Quaternium-80
2163,Quaternium-18
2164,
2165,Quaternium-88
2166,Quaternium-91
2167,
2168,Rubus Idaeus Fruit Extract
2169,
2170,Prunus Persica Leaf Extract
2171,
2172,Prunus serotina bark extract
2173,Prunus Serotina Fruit Extract
2174,
2175,
2176,
2177,
2178,Resorcinol
2179,Retinol
2180,
2181,Retinyl Palmitate
2182,
2183,
2184,
2185,Riboflavin
2186,
2187,Rice Amino Acids
2188,Oryza Sativa Bran
2189,
2190,Ricinus Communis Seed Oil
2191,
2192,
2193,ROSA MOSCHATA SEED OIL
2194,Aspalathus Linearis Leaf Extract
2195,Rosa Canina Fruit Extract
2196,Rosa Canina Fruit Oil
2197,Rosa Centifolia Flower Oil
2198,Rosa centifolia flower water
2199,Rosa Damascena Flower Water
2200,rosa damascena flower water
2201,Rosa Rugosa Flower Extract
2202,
2203,Rose Extract
2204,
2205,Rose Flower Oil
2206,Rose Flower Oil
2207,
2208,
2209,
2210,
2211,Rosmarinus Officinalis Leaf Extract
2212,Rosmarinus Officinalis Leaf Extract
2213,
2214,Rosmarinus Officinalis Leaf Oil
2215,
2216,Rosin
2217,
2218,Rosmarinus Officinalis Leaf Oil
2219,
2220,
2221,Royal Jelly Powder
2222,Rubus Idaeus Fruit Extract
2223,
2224,Saccharide isomerate
2225,Saccharin
2226,
2227,
2228,
2229,Saccharum Officinarum Extract
2230,
2231,
2232,Saccharide isomerate
2233,Saccharin
2234,
2235,
2236,
2237,Saccharum Officinarum Extract
2238,
2239,Carthamus Tinctorius Seed Oil
2240,Carthamus Tinctorius Seed Oil
2241,
2242,
2243,
2244,Salicornia Herbacea Extract
2245,Salicylic acid
2246,Salix Alba Bark Extract
2247,
2248,
2249,
2250,Salvia Officinalis Leaf Extract
2251,
2252,Salvia Officinalis Oil
2253,Salvia Sclarea Oil
2254,Sambucus Nigra Flower Extract
2255,Sambucus Nigra Flower Extract
2256,
2257,Santalum Album Oil
2258,Sapindus Mukorossi Fruit Extract
2259,
2260,
2261,
2262,
2263,Saponins
2264,
2265,
2266,
2267,Saxifraga Sarmentosa Extract
2268,
2269,
2270,
2271,
2272,
2273,
2274,
2275,
2276,
2277,
2278,
2279,
2280,Sclerotium Gum
2281,Scutellaria Baicalensis Root Extract
2282,
2283,
2284,SD Alcohol 38-B
2285,SD Alcohol 40
2286,
2287,SD Alcohol 40-B
2288,
2289,Sea Salt
2290,sea silt extract
2291,Sea Water
2292,
2293,
2294,
2295,
2296,
2297,
2298,
2299,Serine
2300,Serenoa Serrulata Fruit Extract
2301,Sesamum Indicum Seed Oil
2302,
2303,
2304,
2305,
2306,Butyrospermum Parkii Butter
2307,
2308,Silica
2309,
2310,
2311,
2312,
2313,
2314,
2315,
2316,
2317,
2318,Silk Amino Acids
2319,
2320,
2321,
2322,
2323,
2324,Simethicone
2325,Simmondsia chinensis seed extract
2326,
2327,
2328,
2329,
2330,Snail Secretion Filtrate
2331,Quillaja Saponaria Bark Extract
2332,
2333,
2334,Sodium acetate
2335,Sodium Acrylates Copolymer
2336,
2337,
2338,Sodium Ascorbate
2339,Sodium benzoate
2340,
2341,
2342,Sodium Bicarbonate
2343,Sodium Borate
2344,Sodium C14-16 Olefin Sulfonate
2345,Sodium Carbomer
2346,Sodium Carbonate
2347,
2348,
2349,
2350,Sodium Chloride
2351,Sodium chlorite
2352,
2353,Sodium Citrate
2354,
2355,Sodium coceth sulfate
2356,Sodium Coco-Sulfate
2357,Sodium Cocoamphoacetate
2358,Sodium cocoate
2359,
2360,
2361,Sodium Cocoyl Apple Amino Acids
2362,Sodium Cocoyl Collagen Amino Acids
2363,Sodium Cocoyl Glutamate
2364,
2365,Sodium Cocoyl Hydrolyzed Soy Protein
2366,Sodium Cocoyl Isethionate
2367,
2368,
2369,
2370,
2371,
2372,Sodium Gluconate
2373,SODIUM GLUTAMATE
2374,
2375,Sodium Glycolate
2376,Sodium Hexametaphosphate
2377,
2378,Sodium Hyaluronate
2379,
2380,Sodium Hydroxide
2381,Sodium Hydroxymethylglycinate
2382,
2383,
2384,
2385,Sodium isostearoyl lactate
2386,Sodium Lactate
2387,
2388,
2389,Sodium Laureth Sulfate
2390,
2391,
2392,
2393,
2394,
2395,
2396,
2397,Sodium Laureth-13 Carboxylate
2398,Sodium Lauroamphoacetate
2399,Sodium Lauroyl Hydrolyzed Silk
2400,Sodium Lauroyl Lactylate
2401,Sodium Lauroyl Sarcosinate
2402,
2403,
2404,
2405,
2406,
2407,
2408,
2409,
2410,
2411,Sodium levulinate
2412,Sodium metabisulfite
2413,Sodium Methyl Cocoyl Taurate
2414,Sodium Methyl Lauroyl Taurate
2415,
2416,Sodium Methylparaben
2417,
2418,Sodium myreth sulfate
2419,
2420,
2421,Sodium Oleth Sulfate
2422,Sodium palmate
2423,Sodium PCA
2424,Sodium PEG-7 Olive Oil Carboxylate
2425,
2426,
2427,
2428,Sodium Phosphate
2429,Sodium phytate
2430,Sodium Polyphosphate
2431,Sodium Polyacrylate
2432,
2433,
2434,
2435,
2436,Sodium Polystyrene Sulfonate
2437,
2438,
2439,
2440,
2441,SODIUM SILICATE
2442,Sodium Stearate
2443,SODIUM STEAROYL LACTYLATE
2444,
2445,
2446,Sodium sulfate
2447,
2448,
2449,
2450,
2451,Sodium Trideceth Sulfate
2452,
2453,
2454,Soluble Collagen
2455,
2456,
2457,
2458,Sorbic acid
2459,Sorbitan Caprylate
2460,
2461,
2462,Sorbitan oleate
2463,Sorbitan olivate
2464,
2465,Sorbitan Sesquioleate
2466,Sorbitol
2467,
2468,
2469,
2470,
2471,
2472,SOYAMIDOPROPYL BETAINE
2473,Soyamidopropylamine Oxide
2474,
2475,
2476,
2477,Soyethyl morpholinium ethosulfate
2478,Mentha Viridis Extract
2479,
2480,
2481,
2482,Spiraea Ulmaria Extract
2483,Spiraea Ulmaria Flower Extract
2484,Spirulina Maxima Extract
2485,Spirulina Platensis Extract
2486,
2487,
2488,Ananas Sativus Fruit Extract
2489,Squalane
2490,Hypericum Perforatum Oil
2491,Hypericum Perforatum Extract
2492,
2493,
2494,
2495,Starch Hydroxypropyltrimonium Chloride
2496,
2497,Stearamide AMP
2498,Stearamidopropyl Dimethylamine
2499,Stearamidopropyl Dimethylamine Lactate
2500,Stearamidopropyl Morpholine Lactate
2501,
2502,Steareth-20
2503,Steareth-4
2504,Stearic Acid
2505,Stearamine oxide
2506,
2507,Stearyl Alcohol
2508,Stearyl citrate
2509,Stearyl Stearate
2510,
2511,Steartrimonium Chloride
2512,Stearalkonium Chloride
2513,
2514,Stevia Rebaudiana Extract
2515,
2516,Stevioside
2517,
2518,
2519,
2520,
2521,
2522,Butylene/Ethylene/Styrene Copolymer
2523,Styrene/Acrylates Copolymer
2524,Styrene/VP Copolymer
2525,Subtilisin
2526,
2527,
2528,Sucrose
2529,
2530,Sulfur
2531,Sulfuric acid
2532,
2533,
2534,Helianthus Annuus Seed Oil
2535,
2536,
2537,Superoxide Dismutase
2538,
2539,Cocamidopropyl Betaine
2540,
2541,
2542,
2543,
2544,Prunus Avium Fruit Extract
2545,
2546,
2547,
2548,
2549,Cymbopogon Nardus oil
2550,
2551,Prunus Avium Fruit Extract
2552,Symphytum officinale Leaf extract
2553,
2554,
2555,Syringa Vulgaris extract
2556,
2557,
2558,
2559,Talc
2560,
2561,Tanacetum Vulgare Extract
2562,
2563,Tapioca Starch
2564,
2565,Tarchonanthus Camphoratus Oil
2566,Taurine
2567,
2568,
2569,TEA-Lauryl Sulfate
2570,
2571,
2572,
2573,TEA-Cocoyl Glutamate
2574,TEA-Cocoyl Hydrolyzed Collagen
2575,
2576,TEA-Dodecylbenzenesulfonate
2577,
2578,
2579,
2580,
2581,
2582,Tetrapotassium Pyrophosphate
2583,Tetrasodium EDTA
2584,Tetrasodium EDTA
2585,
2586,Tetrasodium Etidronate
2587,Tetrasodium Glutamate Diacetate
2588,Tetrasodium Iminodisuccinate
2589,Tetrasodium Pyrophosphate
2590,Theobroma Cacao Seed Butter
2591,Theobroma Grandiflorum Seed Butter
2592,Thimerosal
2593,Thioglycerin
2594,Threonine
2595,Thuja Occidentalis Bark Extract
2596,
2597,
2598,Thymus Vulgaris Oil
2599,Thymol
2600,
2601,Thymus Vulgaris Oil
2602,Thymus Vulgaris Extract
2603,Tilia Cordata Flower Extract
2604,CI 77891/Titanium Dioxide
2605,CI 77891/Titanium Dioxide
2606,Tocopherol
2607,Tocopheryl Acetate
2608,
2609,
2610,
2611,
2612,
2613,Tricalcium phosphate
2614,Tricaprin
2615,TRICAPRYLIN
2616,Tricetylmonium chloride
2617,
2618,Triclocarban
2619,Triclosan
2620,Trideceth-11
2621,Trideceth-12
2622,Trideceth-6
2623,Triethanolamine
2624,
2625,
2626,TEA-Cocoyl Glutamate
2627,TEA-Laureth Sulfate
2628,TEA-Laureth Sulfate
2629,triethoxycaprylylsilane
2630,Triethylene Glycol
2631,Trifolium Pratense Extract
2632,Trifolium Pratense Extract
2633,Triisostearin
2634,
2635,Betaine
2636,
2637,Trimethylsiloxyphenyl Dimethicone
2638,Trimethylsiloxyamodimethicone
2639,
2640,
2641,
2642,Trisodium EDTA
2643,Triticum Vulgare Germ Oil
2644,Triticum Vulgare Germ Oil
2645,
2646,
2647,Triethanolamine
2648,Triethanolamine
2649,Tromethamine
2650,
2651,
2652,
2653,
2654,Tryptophan
2655,
2656,
2657,
2658,Turpentine
2659,
2660,
2661,Tussilago Farfara Flower Extract
2662,
2663,CI 77007/Ultramarines
2664,Undecylenic Acid
2665,
2666,
2667,urea
2668,
2669,Urtica Dioica Extract
2670,Usnea Barbata Extract
2671,Usnea Barbata Extract
2672,
2673,Vaccinium Myrtillus Fruit Extract
2674,
2675,Valeriana Wallichii Root Extract
2676,
2677,Valine
2678,
2679,
2680,
2681,
2682,
2683,Vanilla Planifolia Fruit Extract
2684,
2685,
2686,Vanillin
2687,
2688,
2689,
2690,
2691,Vegetable Oil
2692,
2693,
2694,Velvet Extract
2695,EDTA
2696,
2697,Vetiveria Zizanoides Root Oil
2698,
2699,Vinegar
2700,
2701,
2702,
2703,
2704,
2705,Retinol
2706,
2707,
2708,Retinyl palmitate
2709,
2710,
2711,
2712,
2713,
2714,
2715,Folic acid
2716,Cyanocobalamin
2717,Riboflavin
2718,Sodium Riboflavin Phosphate
2719,Niacin
2720,Pantothenic acid
2721,pyridoxine
2722,Pyridoxine HCl
2723,Folic acid
2724,Ascorbic acid
2725,
2726,Sodium ascorbate
2727,
2728,
2729,
2730,
2731,Tocopheryl Acetate
2732,
2733,
2734,
2735,
2736,
2737,
2738,Niacin
2739,
2740,
2741,Vitis Vinifera Leaf Extract
2742,Silica
2743,VP/VA Copolymer
2744,
2745,
2746,Water
2747,
2748,
2749,Nasturtium Officinale Extract
2750,
2751,
2752,
2753,Wheat Germ Glycerides
2754,Triticum Vulgare Germ Oil
2755,Triticum Vulgare Protein
2756,Wheatgermamidopropyl Dimethylamine Hydrolyzed Wheat Protein
2757,
2758,
2759,Whey protein
2760,
2761,
2762,Zingiber Zerumbet Extract
2763,
2764,
2765,
2766,
2767,
2768,
2769,
2770,Chrysanthemum Sinense Flower Extract
2771,
2772,
2773,
2774,
2775,Xanthan gum
2776,
2777,Xylitol
2778,Xylitylglucoside
2779,
2780,
2781,
2782,
2783,
2784,Yeast Extract
2785,
2786,
2787,
2788,
2789,Yogurt Powder
2790,
2791,
2792,
2793,
2794,Zanthoxylum Piperitum Fruit Extract
2795,Zea Mays Kernel Meal
2796,Zeolite
2797,
2798,Zinc Acetate
2799,Zinc Chloride
2800,Zinc Citrate
2801,
2802,Zinc Gluconate
2803,
2804,CI 77947/Zinc Oxide
2805,
2806,Zinc phenolsulfonate
2807,Zinc Pyrithione
2808,Zinc sulfate
2809,
2810,
2811,
2812,Zingiber Officinale Root Oil
2813,
2814,
2815,
2816,
2817,
2818,
2819,
2820,
2821,
2822,Hypnea Musciformis Extract
2823,
2824,
2825,
2826,
2827,Algae Extract
2828,
2829,Saccharin
2830,
2831,Glycyrrhiza Glabra Root Powder
2832,
2833,
2834,
2835,
2836,
2837,
2838,Formic acid
2839,
2840,
2841,
2842,
2843,
2844,
2845,
2846,
2847,
2848,Gentiana Lutea Root Extract
2849,
2850,
2851,Microcrystalline Cellulose
2852,
2853,
2854,
2855,
2856,
2857,Cinnamomum Cassia Leaf Oil
2858,
2859,
2860,
2861,
2862,Wasabia Japonica Root Extract
2863,
2864,Hydrogen Peroxide
2865,
2866,
2867,Lycium Chinense Fruit Extract
2868,
2869,Cyamopsis Tetragonoloba Gum
2870,Guar Hydroxypropyltrimonium Chloride
2871,Citric acid
2872,Zinc Citrate
2873,
2874,Chrysanthemum Morifolium Flower Extract
2875,
2876,
2877,
2878,
2879,Sodium Gluconate
2880,Zinc Gluconate
2881,Glycereth-25 PCA Isostearate
2882,Glycereth-26
2883,
2884,
2885,
2886,
2887,
2888,
2889,
2890,
2891,
2892,
2893,Glyceryl Laurate
2894,Glyceryl Stearate SE
2895,
2896,Glyceryl Stearate Citrate
2897,
2898,
2899,Dipotassium Glycyrrhizate
2900,
2901,Laminaria Angustata Extract
2902,Iris Ensata Extract
2903,
2904,
2905,
2906,
2907,
2908,
2909,
2910,
2911,
2912,
2913,Egg Yolk Extract
2914,
2915,
2916,Morinda Citrifolia Fruit Extract
2917,Morinda Citrifolia Extract
2918,
2919,Vigna Radiata Seed Extract
2920,
2921,
2922,
2923,
2924,
2925,CAMELLIA SINENSIS SEED OIL
2926,
2927,
2928,
2929,
2930,
2931,Glycerin
2932,
2933,
2934,
2935,
2936,
2937,
2938,
2939,
2940,
2941,Rosa Damascena Flower Oil
2942,Rosa Damascena Flower Extract
2943,
2944,Dimer dilinoleyl dimer dilinoleate
2945,
2946,
2947,Dimethiconol Panthenol
2948,Dimethyl Heptenal
2949,
2950,Disodium Lauroamphodiacetate
2951,Disodium Succinate
2952,Disodium Wheatgermamphodiacetate
2953,
2954,
2955,���̿�ƿ���Ǽ��ó���Ʈ
2956,Diethylhexyl sodium sulfosuccinate
2957,
2958,
2959,Protease
2960,Santalum Album Extract
2961,Oenothera Biennis Seed Extract
2962,Angelica Gigas Root Extract
2963,
2964,
2965,
2966,
2967,
2968,
2969,
2970,
2971,Pinus Palustris Leaf Extract
2972,
2973,Decanal
2974,
2975,
2976,
2977,PLATYCODON GRANDIFLORUS ROOT EXTRACT
2978,Glycine Soja Seed Extract
2979,
2980,Camellia Japonica Flower Extract
2981,
2982,Camellia Japonica Seed Extract
2983,Camellia Japonica Leaf Extract
2984,Cymbopogon Flexuosus Oil
2985,Cordyceps Sinensis Extract
2986,Chlorophyllin-Copper Complex
2987,
2988,Juniperus Communis Fruit Oil
2989,Eucommia Ulmoides Extract
2990,Moringa Oleifera Seed Oil
2991,
2992,
2993,
2994,
2995,
2996,Chrysanthemum Morifolium Flower Extract
2997,
2998,
2999,
3000,
3001,Disodium Laureth Sulfosuccinate
3002,
3003,
3004,
3005,
3006,
3007,
3008,
3009,Disodium Phosphate
3010,
3011,
3012,Diethylamino hydroxybenzoyl hexyl benzoate
3013,Ethoxydiglycol
3014,Sodium Dehydroacetate
3015,
3016,
3017,
3018,Laneth-5
3019,
3020,
3021,
3022,
3023,
3024,
3025,
3026,
3027,
3028,Lavandula Angustifolia Water
3029,
3030,
3031,
3032,
3033,Laureth-23
3034,Laureth-3
3035,Laurdimonium Hydroxypropyl Hydrolyzed Wheat Protein
3036,
3037,
3038,
3039,
3040,Lauryl hydroxysultaine
3041,
3042,
3043,Citrus Aurantifolia Fruit Extract
3044,Rubus Idaeus Seed Oil
3045,
3046,
3047,
3048,
3049,
3050,
3051,
3052,
3053,
3054,Sodium Lactate
3055,Calcium Lactate
3056,Calcium Lactate
3057,Rhamnose
3058,
3059,
3060,Melissa Officinalis Leaf Extract
3061,
3062,
3063,
3064,
3065,
3066,Leucine
3067,
3068,
3069,
3070,
3071,Rosmarinus Officinalis Leaf Water
3072,
3073,
3074,
3075,
3076,Aspalathus Linearis Extract
3077,Rutin
3078,
3079,
3080,Linalyl Acetate
3081,
3082,Litsea Cubeba Fruit Oil
3083,
3084,
3085,
3086,Lilium Candidum Flower Extract
3087,
3088,Sclerocarya Birrea Seed Oil
3089,Hydrolyzed Elastin
3090,
3091,CI 77019/Mica
3092,
3093,Origanum Majorana Flower Oil
3094,
3095,Ilex Paraguariensis Leaf Extract
3096,Chamomilla Recutita Flower Water
3097,
3098,Chamomilla Recutita Flower Oil
3099,Chamomilla Recutita Flower Extract
3100,
3101,
3102,
3103,Chamomilla Recutita Flower Extract
3104,Mannose
3105,
3106,
3107,
3108,
3109,
3110,
3111,Mangifera Indica Seed Oil
3112,Mangifera Indica Fruit Extract
3113,Prunus Mume Fruit Extract
3114,
3115,
3116,
3117,
3118,
3119,Spiraea Ulmaria Extract
3120,
3121,
3122,
3123,
3124,
3125,
3126,Sodium Methylparaben
3127,
3128,Sodium Metaphosphate
3129,Sodium Metabisulfite
3130,
3131,Methyl salicylate
3132,
3133,
3134,
3135,Sorbitan Stearate
3136,
3137,
3138,
3139,
3140,Magnolia Kobus Bark Extract
3141,
3142,
3143,Citric acid
3144,
3145,
3146,Dicalcium Phosphate
3147,
3148,Sapindus Mukorossi Peel Extract
3149,
3150,
3151,
3152,
3153,
3154,
3155,Microcrystalline Cellulose
3156,Quercus Alba Bark Extract
3157,
3158,
3159,
3160,
3161,Undaria Pinnatifida Extract
3162,
3163,
3164,Triticum Vulgare Germ
3165,Triticum Vulgare Germ Oil
3166,Wheat Amino Acids
3167,Triticum Vulgare Starch
3168,
3169,
3170,
3171,Vanilla Planifolia Fruit Oil
3172,
3173,Vanillin
3174,
3175,Orbignya Oleifera Seed Oil
3176,Babassuamidopropyl Betaine
3177,Adansonia Digitata Seed Oil
3178,Adansonia Digitata Seed Extract
3179,Adansonia Digitata Fruit Extract
3180,Adansonia Digitata Leaf Extract
3181,
3182,Aleurites Moluccanus Bakoly Seed Oil
3183,
3184,Mentha Arvensis Leaf Extract
3185,
3186,Amyris Balsamifera Bark Oil
3187,
3188,
3189,
3190,
3191,
3192,
3193,
3194,Beeswax
3195,Sucrose
3196,Kaolin
3197,
3198,
3199,
3200,
3201,Lilium Tigrinum Extract
3202,Citrus Aurantium Bergamia Fruit Oil
3203,
3204,
3205,
3206,
3207,
3208,
3209,Monarda Didyma Leaf Extract
3210,
3211,
3212,
3213,
3214,Vetiveria Zizanoides Root Oil
3215,Vetiveria Zizanoides Root Extract
3216,Behenyl Alcohol
3217,
3218,
3219,
3220,Styrax Benzoin Resin Extract
3221,Benzophenone-8
3222,Benzyl Cinnamate
3223,SD Alcohol 40-B
3224,
3225,
3226,
3227,
3228,
3229,
3230,
3231,Camellia Sinensis Leaf Extract
3232,
3233,
3234,
3235,
3236,
3237,
3238,
3239,
3240,
3241,
3242,
3243,
3244,
3245,Butyloctanol
3246,BHA
3247,
3248,
3249,Retinyl acetate
3250,Abies Sibirica Oil
3251,
3252,
3253,
3254,
3255,"2-Bromo-2-Nitropropane-1,3-Diol"
3256,
3257,
3258,VP/VA Copolymer
3259,Rubus Fruticosus Fruit Extract
3260,Nigella Sativa Seed Oil
3261,
3262,
3263,Bis-PEG-18 Methyl Ether Dimethyl Silane
3264,
3265,Retinyl acetate
3266,Retinyl acetate
3267,Retinyl palmitate
3268,
3269,Retinyl palmitate
3270,Thiamine Nitrate
3271,Biotin
3272,
3273,
3274,
3275,
3276,
3277,
3278,
3279,Biotin
3280,Phytonadione
3281,
3282,Niacinamide
3283,
3284,
3285,
3286,
3287,Niacin
3288,Pantothenic Acid
3289,Pyridoxine Dipalmitate
3290,
3291,Tocopherol
3292,Tocopheryl acetate
3293,Phytonadione
3294,Hippophae Rhamnoides Fruit Extract
3295,Hippophae Rhamnoides Oil
3296,HIPPOPHAE RHAMNOIDES FRUIT EXTRACT
3297,
3298,
3299,Citrus Aurantium Amara Peel Oil
3300,
3301,Eriobotrya Japonica Leaf Extract
3302,
3303,
3304,Morus Alba Bark Extract
3305,Pyrus Malus Fruit Water
3306,
3307,Pyrus Malus Pectin Extract
3308,Sargassum Filipendula Extract
3309,
3310,Cyclotetrasiloxane
3311,
3312,
3313,Beta Vulgaris Root Extract
3314,Crocus Sativus Flower Extract
3315,
3316,
3317,
3318,Pyrus Cydonia Seed Extract
3319,Cornus Officinalis Fruit Extract
3320,
3321,
3322,
3323,CI 77891/Titanium dioxide
3324,Sodium salicylate
3325,Methyl salicylate
3326,Salvia Officinalis Leaf Extract
3327,
3328,Viola Tricolor Extract
3329,Cannabis Sativa Seed Oil
3330,Tricalcium phosphate
3331,Morus Alba Bark Extract
3332,
3333,
3334,Zingiber Officinale Root Oil
3335,Zingiber Officinale Root Extract
3336,
3337,
3338,
3339,
3340,Thuja Occidentalis Leaf Oil
3341,
3342,Punica Granatum Seed Oil
3343,Punica Granatum Fruit Extract
3344,
3345,
3346,
3347,
3348,
3349,
3350,
3351,
3352,
3353,
3354,
3355,Ceteth-24
3356,Ceteareth-60 Myristyl Glycol
3357,
3358,
3359,
3360,Cetearyl Ethylhexanoate
3361,Cetearyl Olivate
3362,
3363,
3364,
3365,
3366,
3367,
3368,
3369,
3370,
3371,
3372,Sodium Lauryl Sulfoacetate
3373,Sodium Methyl Stearoyl Taurate
3374,Sodium Methyl Oleoyl Taurate
3375,Sodium Acetylated Hyaluronate
3376,
3377,Sodium Olivate
3378,
3379,Sodium Cocoyl Glycinate
3380,Sodium Cocoyl Hydrolyzed Wheat Protein
3381,Disodium phosphate
3382,Sodium Phosphate
3383,SODIUM POLYACRYLATE STARCH
3384,
3385,
3386,
3387,
3388,
3389,sodium hyaluronate
3390,Sorbitan Laurate
3391,
3392,
3393,Triticum Vulgare Bran
3394,Caesalpinia Sappan Bark Extract
3395,Ophiopogon Japonicus Root Extract
3396,Perilla Frutescens Leaf Extract
3397,Sorbeth-30 Tetraoleate
3398,
3399,
3400,
3401,
3402,Potassium hydroxide
3403,Calcium Hydroxide
3404,
3405,
3406,
3407,
3408,
3409,
3410,Steareth-2
3411,Steareth-21
3412,Calcium Stearate
3413,Steartrimonium Hydroxyethyl Hydrolyzed Collagen
3414,
3415,
3416,
3417,Mentha Viridis Extract
3418,
3419,
3420,
3421,
3422,
3423,
3424,
3425,
3426,
3427,
3428,Squalane
3429,
3430,
3431,
3432,
3433,
3434,
3435,
3436,
3437,Cinnamomum Zeylanicum Bark Oil
3438,Silica Silylate
3439,Sodium Silicoaluminate
3440,
3441,Silicone Quaternium-18
3442,
3443,
3444,Silk Extract
3445,
3446,Oryza Sativa Bran Wax
3447,
3448,
3449,Urtica Dioica Leaf Powder
3450,
3451,
3452,
3453,
3454,
3455,
3456,
3457,
3458,
3459,
3460,Argan Oil Polyglyceryl-6 Esters
3461,
3462,
3463,
3464,Taurine
3465,
3466,
3467,Crambe Abyssinica Seed Oil
3468,
3469,Malpighia Glabra Fruit Extract
3470,Sodium Acetate
3471,
3472,Magnesium Acetate
3473,
3474,Acetyl Methionine
3475,
3476,
3477,
3478,Sodium Ascorbate
3479,
3480,
3481,
3482,
3483,
3484,Isosteareth-20
3485,Isopropyl Myristate
3486,Iodopropynyl Butylcarbamate
3487,Sodium Bisulfite
3488,Sodium Phosphate
3489,
3490,Angelica Archangelica Root Oil
3491,Angelica Archangelica Root Extract
3492,Anthocyanins
3493,
3494,Allantoin Ascorbate
3495,
3496,
3497,Alumina
3498,Aluminum Starch Octenylsuccinate
3499,
3500,Algin
3501,
3502,
3503,
3504,
3505,Ammonium Laureth Sulfate
3506,
3507,
3508,
3509,Fragaria Vesca Fruit Extract
3510,Dioscorea Villosa Root Extract
3511,Cocos Nucifera Oil
3512,
3513,Cocamide DEA
3514,
3515,
3516,
3517,
3518,Usnea Barbata Extract
3519,
3520,
3521,Disodium EDTA
3522,
3523,Disodium EDTA
3524,
3525,Erythritol
3526,
3527,Helichrysum Italicum Flower Water
3528,
3529,Helichrysum Italicum Extract
3530,SD Alcohol 40-B
3531,
3532,
3533,
3534,Echium Plantagineum Seed Oil
3535,
3536,Ethyl Acetate
3537,Ethyl Hexanediol
3538,Ethylhexyl Olivate
3539,
3540,
3541,
3542,
3543,Nelumbo Nucifera Flower Powder
3544,
3545,
3546,
3547,
3548,
3549,Juniperus Virginiana Oil
3550,CI 42520/Basic Violet 2
3551,
3552,
3553,
3554,
3555,Cetylpyridinium chloride
3556,Ferric chloride
3557,Folic Acid
3558,
3559,
3560,
3561,
3562,
3563,Citrus Aurantium Dulcis Flower Oil
3564,
3565,
3566,Orthosiphon Stamineus Extract
3567,SCHISANDRA CHINENSIS FRUIT EXTRACT
3568,
3569,Cucumis Sativus Fruit Extract
3570,Elaeis Guineensis Oil
3571,
3572,
3573,
3574,
3575,
3576,Zea Mays Oil
3577,Sodium methylparaben
3578,Sodium propylparaben
3579,
3580,
3581,Octadecyl Di-t-butyl-4-hydroxyhydrocinnamate
3582,Octoxynol-9
3583,Octyldodeceth-16
3584,
3585,Olea Europaea Husk Oil
3586,Olea Europaea Leaf Extract
3587,
3588,Olive Oil PEG-8 Esters
3589,
3590,
3591,Geranium Maculatum Oil
3592,
3593,Geranium Maculatum Extract
3594,Oryza Sativa Hull Powder
3595,Oryza Sativa Hull Powder
3596,
3597,
3598,
3599,Magnolia Officinalis Bark Extract
3600,
3601,
3602,
3603,
3604,
3605,Undeceth-11
3606,Undeceth-5
3607,Undecylenoyl Glycine
3608,Curcuma Longa Root Extract
3609,
3610,
3611,
3612,
3613,
3614,
3615,
3616,
3617,
3618,Lactose
3619,
3620,
3621,
3622,
3623,Citrus Junos Fruit Extract
3624,
3625,Whey protein
3626,Eugenol
3627,
3628,Whey protein
3629,
3630,
3631,
3632,
3633,Boswellia Carterii Oil
3634,
3635,Myristica Fragrans Kernel Oil
3636,
3637,
3638,Convallaria Majalis Extract
3639,
3640,
3641,
3642,Inulin
3643,Trisodium EDTA
3644,
3645,
3646,
3647,Isononyl Isononanoate
3648,
3649,Isomalt
3650,Isostearamidopropyl Morpholine Lactate
3651,
3652,Ionone
3653,
3654,
3655,
3656,Dipotassium phosphate
3657,Dipotassium phosphate
3658,Passiflora Incarnata Flower Extract
3659,
3660,Carthamus Tinctorius Seed Oil
3661,Plukenetia Volubilis Seed Oil
3662,
3663,
3664,
3665,
3666,
3667,Echinacea Purpurea Extract
3668,
3669,Rose Extract
3670,
3671,Rheum Palmatum Root Extract
3672,
3673,
3674,
3675,
3676,
3677,
3678,
3679,
3680,
3681,
3682,
3683,
3684,
3685,
3686,
3687,
3688,
3689,
3690,
3691,
3692,
3693,
3694,
3695,
3696,
3697,
3698,
3699,
3700,
3701,
3702,
3703,
3704,
3705,
3706,
3707,
3708,
3709,
3710,
3711,
3712,
3713,
3714,
3715,
3716,
3717,
3718,
3719,
3720,
3721,
3722,
3723,
3724,
3725,
3726,
3727,
3728,
3729,
3730,
3731,
3732,
3733,
3734,
3735,
3736,
3737,
3738,
3739,
3740,
3741,
3742,
3743,
3744,
3745,
3746,
3747,
3748,
3749,
3750,
3751,
3752,
3753,
3754,
3755,
3756,
3757,Calcium Lactate
3758,
3759,Dicalcium phosphate dihydrate
3760,Zeolite
3761,Dipotassium phosphate
3762,
3763,
3764,
3765,
3766,
3767,
3768,
3769,
3770,
3771,
3772,
3773,
3774,
3775,
3776,
3777,
3778,
3779,
3780,
3781,
3782,
3783,
3784,
3785,
3786,
3787,
3788,
3789,
3790,
3791,
3792,
3793,
3794,
3795,
3796,
3797,
3798,
3799,
3800,Anemarrhena Asphodeloides Root Extract
3801,
3802,
3803,
3804,
3805,Rehmannia Chinensis Root Extract
3806,
3807,
3808,Pearl Powder
3809,Phellinus Linteus Extract
3810,
3811,Thiamine Nitrate
3812,Zinc Ricinoleate
3813,Zinc Stearate
3814,
3815,
3816,
3817,
3818,
3819,
3820,Dioscorea Japonica Root Extract
3821,Charcoal Powder
3822,
3823,
3824,
3825,
3826,
3827,
3828,
3829,
3830,
3831,
3832,
3833,
3834,
3835,
3836,Artemisia Annua Extract
3837,
3838,
3839,Colostrum
3840,Colostrum
3841,Zanthoxylum Piperitum Fruit Extract
3842,
3843,
3844,
3845,Thuja Orientalis Extract
3846,
3847,
3848,
3849,Gardenia Florida Flower Extract
3850,
3851,
3852,
3853,
3854,
3855,
3856,Cymbopogon Schoenanthus Oil
3857,
3858,
3859,Melaleuca Leucadendron Cajaput Oil
3860,
3861,
3862,Theobroma Cacao Seed Butter
3863,
3864,Copper Tripeptide-1
3865,Capryl/Capramidopropyl Betaine
3866,Capryloyl Glycine
3867,
3868,
3869,
3870,PELARGONIUM CAPITATUM LEAF EXTRACT
3871,Cannabis Sativa Seed Oil
3872,
3873,Calcium Stearate
3874,Calcium Oxide
3875,
3876,Carum Carvi Seed Oil
3877,
3878,
3879,
3880,
3881,
3882,
3883,
3884,Jasminum Officinale Oil
3885,
3886,
3887,Cod Liver Oil
3888,
3889,Opuntia Coccinellifera Fruit Extract
3890,Cocamide Methyl MEA
3891,
3892,
3893,
3894,Cocoglucosides Hydroxypropyltrimonium Chloride
3895,Cocos Nucifera Water
3896,
3897,Cocos Nucifera Fruit Extract
3898,
3899,
3900,
3901,
3902,
3903,
3904,
3905,Gossypium Herbaceum Extract
3906,
3907,Collagen Amino Acids
3908,
3909,
3910,
3911,
3912,
3913,Aleurites Moluccanus Seed Oil
3914,Theobroma Grandiflorum Seed Butter
3915,Quaternium-22
3916,
3917,
3918,Quillaja Saponaria Bark Extract
3919,
3920,
3921,
3922,
3923,Salvia Sclarea Oil
3924,
3925,
3926,
3927,Chitosan Lactate
3928,
3929,
3930,CALOPHYLLUM TACAMAHACA SEED OIL
3931,
3932,
3933,
3934,Thymus Vulgaris Oil
3935,
3936,Thymus Vulgaris Extract
3937,
3938,
3939,
3940,
3941,Sodium bicarbonate
3942,
3943,Citrus Reticulata Peel Extract
3944,
3945,
3946,
3947,Defatted rice bran
3948,Terephthalylidene Dicamphor Sulfonic Acid
3949,
3950,Tetrahydroxypropyl Ethylenediamine
3951,
3952,
3953,
3954,Trideceth-10
3955,Trideceth-5
3956,Trideceth-8
3957,Trimethylolpropane Triethylhexanoate
3958,trisodium HEDTA
3959,Triethyl Citrate
3960,Triethylene Glycol
3961,Trehalose
3962,Sapindus Trifoliatus Fruit Extract
3963,
3964,betaine
3965,Triclosan
3966,Triclocarban
3967,
3968,Trihydroxystearin
3969,
3970,Thymol
3971,
3972,Thiamine Nitrate
3973,
3974,
3975,
3976,
3977,
3978,Farnesol
3979,Methylparaben
3980,Butylparaben
3981,Ethylparaben
3982,Propylparaben
3983,Methylparaben
3984,Paraffin
3985,
3986,
3987,Carica Papaya Fruit Extract
3988,
3989,
3990,Panthenyl Ethyl Ether
3991,
3992,
3993,
3994,Palmaria Palmata Extract
3995,
3996,
3997,
3998,Perlite
3999,Phenethyl Alcohol
4000,Phenylpropanol
4001,
4002,
4003,
4004,Mentha Piperita Leaf
4005,Mentha Piperita Leaf Water
4006,Mentha Piperita Leaf Extract
4007,
4008,Pectin
4009,Pentasodium Pentetate
4010,
4011,Pentasodium Pentetate
4012,Pentasodium Triphosphate
4013,
4014,
4015,
4016,
4017,
4018,
4019,
4020,
4021,
4022,Vitis Vinifera Seed Oil
4023,
4024,Vitis Vinifera Seed Extract
4025,Vitis Vinifera Leaf Extract
4026,Phosphoric Acid
4027,Potassium Citrate
4028,
4029,
4030,
4031,
4032,
4033,Porphyridium Cruentum Extract
4034,
4035,
4036,Polyglyceryl-3 Methylglucose Distearate
4037,Polyglyceryl-3 Cocoate
4038,Polyglyceryl-3 Polyricinoleate
4039,Polyglyceryl-4 Cocoate
4040,Polyglyceryl-6 Polyricinoleate
4041,Polyglyceryl-6 Caprylate
4042,
4043,
4044,Calophyllum Tacamahaca Seed Oil
4045,
4046,Polysilicone-19
4047,
4048,Polyethylene
4049,
4050,
4051,PEG-32
4052,PEG-12 Dimethicone
4053,PEG-200
4054,PEG-75
4055,
4056,
4057,
4058,
4059,
4060,
4061,PEG-75 Lanolin
4062,
4063,
4064,
4065,Polyimide-1
4066,Sodium Polyphosphate
4067,Polyquaternium-39
4068,Polyquaternium-51
4069,
4070,
4071,
4072,
4073,
4074,Fumaric acid
4075,
4076,
4077,
4078,
4079,Rosa Gallica Flower Oil
4080,
4081,
4082,
4083,
4084,
4085,Propylene Glycol Dicaprylate/Dicaprate
4086,Propylene Glycol Laurate
4087,
4088,Sodium Propylparaben
4089,Fructan
4090,
4091,Placental Protein
4092,
4093,
4094,Tetrasodium Pyrophosphate
4095,Sodium PCA
4096,Zinc Pyrithione
4097,
4098,
4099,
4100,PEG-12
4101,
4102,PEG-20
4103,
4104,PEG-35 Castor Oil
4105,
4106,PEG-400
4107,PEG-5 Hydrogenated Castor Oil
4108,
4109,PEG-60
4110,
4111,PEG-6 Caprylic/Capric Glycerides
4112,PEG-8 Dimethicone
4113,PEG-8 Caprylic/Capric Glycerides
4114,
4115,
4116,
4117,
4118,Chamaecyparis Obtusa Water
4119,PPG-20 Methyl Glucose Ether
4120,
4121,
4122,Citrus Reticulata Peel Extract
4123,Citrus Nobilis Peel Extract
4124,Polygonum Multiflorum Root Extract
4125,Hydrolyzed Silk
4126,Hydrogenated Polyisobutene
4127,Hydrogenated Rapeseed Oil
4128,Hydrogenated Sweet almond oil
4129,Hydrogenated Vegetable Glycerides Citrate
4130,
4131,
4132,Hydrogenated Coconut Acid
4133,
4134,Hydrofluorocarbon 152a
4135,
4136,
4137,Hydroxyethylcellulose
4138,
4139,
4140,Hydroxypropyl Methylcellulose
4141,Hydroxypropyl Starch Phosphate
4142,Hydrolyzed Wheat Protein PG-Propyl Silanetriol
4143,Hydrolyzed Barley Protein
4144,Hydrolyzed Rice Protein
4145,Hydrolyzed Linseed Extract
4146,
4147,
4148,
4149,
4150,Hydrolyzed Soy Protein
4151,Hydrolyzed Jojoba Esters
4152,Eclipta Prostrata Extract
4153,
4154,
4155,
4156,
4157,Sunflower Seed Oil Glyceride
4158,Helianthus Annuus Seed Wax
4159,Helianthus Annuus Seed Extract
4160,Helianthus Annuus Extract
4161,
4162,Cannabis Sativa Seed Oil
4163,
4164,Viola Odorata Oil
4165,
4166,
4167,Hexamidine Diisethionate
4168,
4169,
4170,
4171,
4172,
4173,
4174,Amber Powder
4175,
4176,Laminaria Digitata Extract
4177,Simmondsia Chinensis Butter
4178,
4179,
4180,
4181,
4182,
4183,
4184,Camellia Sinensis Leaf Extract
4185,
4186,
4187,
4188,
4189,
4190,
4191,
4192,
4193,
4194,
4195,
4196,
4197,
4198,
4199,
4200,
4201,
4202,
4203,
4204,Foeniculum Vulgare Oil
4205,
4206,Yeast Extract
4207,
4208,
4209,
4210,
4211,
4212,Biotite
4213,
4214,Tremella Fuciformis Extract
4215,Salix Alba Bark Extract
4216,Salix Alba Leaf Extract
4217,
4218,
4219,
4220,Sodium Hyaluronate
4221,
4222,
4223,
4224,
4225,Ormenis Multicaulis Oil
4226,
4227,
4228,
4229,Propylene Glycol
4230,
4231,Rosa Canina Fruit Extract
4232,
4233,Lanolin
4234,
4235,Isopropyl Myristate
4236,Olea Europaea Fruit Oil
4237,
4238,Mink Oil
4239,Melaleuca Alternifolia Leaf Oil
4240,
4241,Hydrolyzed Vegetable Protein
4242,Hydrolyzed Collagen
4243,PEG-150 Distearate
4244,Methylchloroisothiazolinone
4245,Lauramidopropyl Betaine
4246,Hydroxypropyl Methylcellulose
4247,Hypericum Perforatum Extract
4248,
4249,Hydrolyzed Wheat Protein
4250,
4251,
4252,
4253,Simmondsia Chinensis Seed Oil
4254,Hydrolyzed Wheat Protein
4255,Malic Acid
4256,Imidazolidinyl Urea
4257,Potassium Hydroxide
4258,Iodopropynyl Butylcarbamate
4259,Hydroxyethyl Ethylcellulose
4260,Hydrolyzed Silk
4261,PEG-40 Hydrogenated Castor Oil
4262,Punica granatum Bark Extract
4263,Methylparaben
4264,Methylparaben
4265,Polysorbate 60
4266,
4267,
4268,
4269,
4270,Linolenic Acid
4271,Polysorbate 80
4272,
4273,Sodium Phosphate
4274,Phenoxyethanol
4275,Actinidia Chinensis Fruit Extract
4276,Retinyl Palmitate
4277,Avena Sativa Meal Extract
4278,Melaleuca Alternifolia Leaf Oil
4279,Hydrated Silica
4280,Equisetum Arvense Extract
4281,Hydrolyzed Soy Protein
4282,
4283,Niacinamide
4284,Potassium Chloride
4285,
4286,
4287,
4288,Papain
4289,
4290,
4291,
4292,Dicalcium Phosphate
4293,Lavandula Angustifolia Oil
4294,
4295,Lysine
4296,Hydrogen Peroxide
4297,
4298,PEG-120 Methyl Glucose Dioleate
4299,Phosphoric Acid
4300,Phosphoric Acid
4301,Methylparaben
4302,Lactic Acid
4303,Niacin
4304,Pantothenic Acid
4305,
4306,Propylparaben
4307,
4308,
4309,Camellia Oleifera Leaf Extract
4310,Vitis Vinifera Seed Oil
4311,
4312,Vitis Vinifera Seed Oil
4313,Menthol
4314,
4315,Camellia Oleifera Leaf Extract
4316,
4317,Lactic Acid
4318,
4319,
4320,
4321,
4322,Lauramine Oxide
4323,
4324,Quaternium-15
4325,
4326,
4327,
4328,Methionine
4329,Lysine
4330,Isopropyl Alcohol
4331,Riboflavin
4332,Serine
4333,Proline
4334,Alanine
4335,Tyrosine
4336,Niacinamide
4337,Inositol
4338,
4339,
4340,Lysine
4341,PEG-40 Castor Oil
4342,
4343,Panthenol
4344,Polyquaternium-10
4345,Phytantriol
4346,
4347,
4348,Lavandula Hybrida Oil
4349,
4350,
4351,Rosmarinus Officinalis Leaf Oil
4352,Leptospermum Petersonii Oil
4353,
4354,
4355,Camellia Sinensis Leaf Extract
4356,Lavandula Angustifolia Flower Water
4357,PEG-40 Hydrogenated Castor Oil
4358,
4359,Houttuynia Cordata Extract
4360,Calendula Officinalis Flower Oil
4361,Rosmarinus Officinalis Leaf Oil
4362,Lavandula Angustifolia Oil
4363,
4364,
4365,Prunus amygdalus dulcis oil
4366,Melaleuca Alternifolia Leaf Extract
4367,Polyquaternium-10
4368,Hydrogenated Castor Oil
4369,Lauryl Glucoside
4370,
4371,PEG-60 Hydrogenated Castor Oil
4372,
4373,Disodium EDTA
4374,Calendula Officinalis Flower Oil
4375,Camellia Sinensis Leaf Extract
4376,Carnitine HCl
4377,Dipotassium Glycyrrhizate
4378,
4379,Glycine
4380,
4381,Propolis Extract
4382,Water
4383,Olea Europaea Fruit Oil
4384,Water
4385,Hydrolyzed Collagen
4386,Cyclopentasiloxane
4387,PEG-7 Glyceryl Cocoate
4388,Inositol
4389,PEG-12 Dimethicone
4390,Rosa Moschata Seed Oil
4391,Methylisothiazolinone
4392,Methylchloroisothiazolinone
4393,Potassium sorbate
4394,PEG-12 Dimethicone
4395,Limonene
4396,Linalool
4397,
4398,Methylisothiazolinone
4399,Methylchloroisothiazolinone
4400,Potassium sorbate
4401,Propylene Glycol
4402,Lactic Acid
4403,
4404,PEG-40 Hydrogenated Castor Oil
4405,Hydrolyzed Keratin
4406,Hydroxycitronellal
4407,Linalool
4408,Propolis Extract
4409,Calendula Officinalis Flower Oil
4410,
4411,PEG-60 Hydrogenated Castor Oil
4412,
4413,
4414,PEG-12 Dimethicone
4415,
4416,Coco-Betaine
4417,Magnesium sulfate
4418,Panthenol
4419,Retinol
4420,Simmondsia Chinensis Seed Extract
4421,
4422,Panthenol
4423,Retinol
4424,Simmondsia Chinensis Seed Extract
4425,Avena Sativa Kernel Protein
4426,Simmondsia Chinensis Seed Extract
4427,Lavandula Angustifolia Extract
4428,Polysorbate 20
4429,
4430,
4431,Milk Protein
4432,Water
4433,Mentha Piperita Oil
4434,Oleth-20
4435,Petrolatum
4436,Morus Alba Root Extract
4437,Hydrolyzed Milk Protein
4438,
4439,
4440,Macadamia Ternifolia Seed Oil
4441,
4442,Dipotassium Glycyrrhizate
4443,Rosa Canina Fruit Extract
4444,Rosmarinus Officinalis Leaf Extract
4445,Lavandula Angustifolia Flower Extract
4446,PCA Ethyl Cocoyl Arginate
4447,Hydrogenated Lecithin
4448,Potassium sorbate
4449,Propanediol
4450,Melaleuca Alternifolia Leaf Oil
4451,
4452,Mentha Piperita Oil
4453,Lauryl Glucoside
4454,Houttuynia Cordata Extract
4455,Pelargonium Graveolens Flower Oil
4456,
4457,Quaternium-18
4458,Polyquaternium-7
4459,Methylchloroisothiazolinone
4460,Methylisothiazolinone
4461,Polyglyceryl-10 Laurate
4462,
4463,
4464,
4465,
4466,Carnitine
4467,Methylchloroisothiazolinone
4468,
4469,Hyaluronic Acid
4470,Potassium sorbate
4471,Methylparaben
4472,
4473,Propylene Glycol
4474,Zinc Pyrithione
4475,PEG-12 Dimethicone
4476,
4477,Zinc Pyrithione
4478,
4479,Zinc Pyrithione
4480,Lauryl Glucoside
4481,
4482,Lauryl Glucoside
4483,Mentha Piperita Oil
4484,Rosmarinus Officinalis Leaf Oil
4485,Lauramide DEA
4486,Macadamia Ternifolia Seed Oil
4487,Menthol
4488,PEG-40 Hydrogenated Castor Oil
4489,Lavandula Angustifolia Oil
4490,PEG-12 Dimethicone
4491,
4492,Madecassic Acid
4493,
4494,
4495,Methylparaben
4496,
4497,Retinyl Palmitate
4498,Melaleuca Alternifolia Leaf Oil
4499,Lavandula Angustifolia Oil
4500,Lauryl Betaine
4501,Chlorhexidine Digluconate
4502,Methylpropanediol
4503,PEG-40 Hydrogenated Castor Oil
4504,Melaleuca Alternifolia Leaf Oil
4505,Persea Gratissima Fruit Extract
4506,Tryptophan
4507,Valine
4508,
4509,Avena Sativa Kernel Extract
4510,Hydrolyzed Wheat Protein
4511,Potassium Hydroxide
4512,
4513,Polysorbate 20
4514,
4515,Niacinamide
4516,polysorbate 80
4517,Polysorbate 20
4518,Hydrolyzed Wheat Protein
4519,Linalool
4520,Methylparaben
4521,Limonene
4522,Potassium sorbate
4523,Propylparaben
4524,Quaternium-15
4525,Lamium Album Flower Extract
4526,Pinus Sylvestris Cone Extract
4527,Rosmarinus Officinalis Leaf Extract
4528,Isopropyl Alcohol
4529,Polysorbate 60
4530,Lipase
4531,Lactose
4532,Phenoxyethanol
4533,
4534,Prunus Armeniaca Fruit Extract
4535,Musa Sapientum Fruit Extract
4536,
4537,
4538,Menthol
4539,Persea Gratissima Oil
4540,Hydrolyzed Silk
4541,Mentha Piperita Oil
4542,Glutathione
4543,Jasminum Officinale Extract
4544,Rosmarinus Officinalis Leaf Oil
4545,Hydrastis Canadensis Extract
4546,Olea Europaea Fruit Oil
4547,Simmondsia Chinensis Seed Oil
4548,Humulus Lupulus Extract
4549,Lavandula Angustifolia Oil
4550,Olea Europaea Fruit Oil
4551,Melaleuca Alternifolia Leaf Oil
4552,
4553,Hydrolyzed Silk
4554,Melaleuca Alternifolia Leaf Oil
4555,Macadamia Ternifolia Seed Oil
4556,
4557,Paraffin
4558,Persea Gratissima Oil
4559,Prunus Amygdalus Dulcis Oil
4560,Potassium Sorbate
4561,PPG-1 Trideceth-6
4562,PVP
4563,
4564,
4565,Polymethoxy Bicyclic Oxazolidine
4566,Polyquaternium-10
4567,
4568,Mentha Piperita Oil
4569,Melaleuca Alternifolia Leaf Oil
4570,PEG-7 Glyceryl Cocoate
4571,Hydrolyzed Silk
4572,
4573,
4574,Propolis Extract
4575,Lauramine Oxide
4576,Hydrolyzed Collagen
4577,Lauryl Betaine
4578,Hydrolyzed Collagen
4579,Oenothera Biennis Oil
4580,Kaolin
4581,Prunus Amygdalus Dulcis Oil
4582,
4583,Ricinus Communis Seed Oil
4584,Phenoxyethanol
4585,Isopropyl Alcohol
4586,
4587,Paraffin
4588,
4589,Lanolin
4590,Petrolatum
4591,Ozokerite
4592,Propylene Glycol
4593,PEG-40 Hydrogenated Castor Oil
4594,Hydrolyzed Keratin
4595,Laureth-4
4596,Linum Usitatissimum Seed Extract
4597,Phenyl Trimethicone
4598,Linum Usitatissimum Seed Oil
4599,Polyquaternium-11
4600,Microcrystalline Cellulose
4601,PEG-150
4602,Magnesium Laureth Sulfate
4603,Propolis Extract
4604,Lauryl Glucoside
4605,Limonene
4606,
4607,
4608,Hydrolyzed Milk Protein
4609,Hydrolyzed Rice Protein
4610,Polyquaternium-37
4611,Dicaprylyl Carbonate
4612,Dipalmitoylethyl Hydroxyethylmonium Methosulfate
4613,Moringa Oleifera Seed Extract
4614,Lauryl Betaine
4615,Macadamia Ternifolia Seed Oil
4616,
4617,Mangifera Indica Fruit Extract
4618,Glutathione
4619,Keratin
4620,Rosa Canina Fruit Extract
4621,Avena Sativa Kernel Protein
4622,Keratin
4623,Hydrolyzed Oat Protein
4624,
4625,
4626,Melaleuca Alternifolia Leaf Oil
4627,Polysorbate 20
4628,Retinyl Palmitate
4629,Hydrolyzed Wheat Protein
4630,Melaleuca Alternifolia Leaf Oil
4631,
4632,
4633,Houttuynia Cordata Extract
4634,
4635,Isopropyl Alcohol
4636,PEG-40 Hydrogenated Castor Oil
4637,Propylene Glycol
4638,Portulaca Oleracea Extract
4639,Rosmarinus Officinalis Leaf Oil
4640,
4641,PCA Ethyl Cocoyl Arginate
4642,Parietaria Officinalis Extract
4643,Rosa Canina Fruit Oil
4644,Nasturtium Officinale Extract
4645,
4646,Hydrolyzed Collagen
4647,Rosa Canina Fruit Oil
4648,Phenoxyethanol
4649,Lactic Acid
4650,Lavandula Angustifolia Extract
4651,Lauramide DEA
4652,Persea Gratissima Oil
4653,
4654,Niacinamide
4655,Pyridoxine HCl
4656,Lavandula Angustifolia Oil
4657,Prunus Amygdalus Dulcis Oil
4658,Propylene Glycol
4659,Methylchloroisothiazolinone
4660,
4661,Lactic Acid
4662,Malic Acid
4663,PEG-60 Hydrogenated Castor Oil
4664,Lauramine Oxide
4665,Manganese Sulfate
4666,
4667,Niacinamide
4668,polysorbate 80
4669,Magnesium Aluminum Silicate
4670,Oleic Acid
4671,PPG-26-Buteth-26
4672,PEG-40 Hydrogenated Castor Oil
4673,Lecithin
4674,Polyquaternium-37
4675,Lactic Acid
4676,Laureth-2
4677,Potassium Sorbate
4678,
4679,
4680,Lysine
4681,Proline
4682,Hypericum Perforatum Extract
4683,
4684,Lithospermum Erythrorhizon Root Extract
4685,Phellodendron Amurense Bark Extract
4686,Natto Gum
4687,Lauramine Oxide
4688,Potassium Cocoyl Glycinate
4689,Lavandula Angustifolia Oil
4690,
4691,Mentha Piperita Oil
4692,Petrolatum
4693,Lanolin
4694,
4695,Kunzea Ericoides Leaf Oil
4696,Potassium Cocoyl Glycinate
4697,
4698,
4699,Macadamia Ternifolia Seed Oil
4700,Simmondsia Chinensis Seed Oil
4701,Histidine HCl
4702,Phenylalanine
4703,Leucine
4704,Threonine
4705,Isoleucine
4706,Tryptophan
4707,Valine
4708,Isopropyl Palmitate
4709,Hydrogenated Polydecene
4710,PEG-150 Distearate
4711,Prunus Amygdalus Dulcis Oil
4712,
4713,PEG-40 Castor Oil
4714,Mangifera Indica Fruit Extract
4715,
4716,Lavandula Angustifolia Oil
4717,Humulus Lupulus Extract
4718,
4719,Water
4720,Propylene Glycol
4721,Origanum Majorana Leaf Extract
4722,
4723,Colloidal Oatmeal
4724,
4725,Laureth-7
4726,Pentylene Glycol
4727,Polyacrylamide
4728,Potassium Chloride
4729,
4730,
4731,
4732,
4733,Dipotassium Glycyrrhizate
4734,Rosmarinus Officinalis Leaf Oil
4735,
4736,
4737,
4738,Sea Salt
4739,Polyquaternium-44
4740,Laureth-10
4741,PEG-15 Cocopolyamine
4742,
4743,
4744,Larrea Divaricata Extract
4745,
4746,Mentha Piperita Oil
4747,Niacin
4748,Riboflavin
4749,
4750,Water
4751,Water
4752,Lavandula Angustifolia Extract
4753,
4754,
4755,Hydrolyzed Collagen
4756,Cocos Nucifera Fruit Extract
4757,
4758,
4759,
4760,Polysorbate 20
4761,Macadamia Ternifolia Seed Oil
4762,Lactoperoxidase
4763,Avena Sativa Meal Extract
4764,Polysorbate 20
4765,Linum Usitatissimum Seed Oil
4766,Rosmarinus Officinalis Leaf Oil
4767,
4768,
4769,Methionine
4770,Protease
4771,Carnitine
4772,Lauramidopropyl Betaine
4773,Lauramidopropyl Betaine
4774,PEG-40 Hydrogenated Castor oil
4775,Polyaminopropyl Biguanide
4776,
4777,Kaolin
4778,Rosmarinus Officinalis Leaf Oil
4779,Piroctone Olamine
4780,Mentha Piperita Oil
4781,
4782,Tocopherol
4783,Rosmarinus Officinalis Leaf Oil
4784,Mentha Piperita Oil
4785,Hydrogen Peroxide
4786,
4787,Arginine HCl
4788,Aspartic Acid
4789,Tryptophan
4790,
4791,
4792,
4793,Polyquaternium-64
4794,
4795,Isopropyl Myristate
4796,Larrea Divaricata Extract
4797,
4798,
4799,Oenothera Biennis Oil
4800,
4801,CI 77019/Mica
4802,Magnesium Stearate
4803,
4804,Isopropyl Myristate
4805,
4806,
4807,
4808,
4809,Iodopropynyl Butylcarbamate
4810,
4811,
4812,
4813,Hydroxypropyltrimonium Honey
4814,Phospholipids
4815,
4816,Hydrolyzed Glycosaminoglycans
4817,Laureth-4
4818,
4819,
4820,Isopropyl Myristate
4821,
4822,Phenylalanine
4823,Histidine
4824,
4825,Hydrolyzed Soy Protein
4826,
4827,
4828,
4829,Hydrolyzed Oat Protein
4830,
4831,Rosmarinus Officinalis Leaf Oil
4832,
4833,PPG-3 Benzyl Ether Myristate
4834,Laureth-9
4835,Isobutane
4836,Propane
4837,Oleth-20
4838,Linalool
4839,Phenoxyethanol
4840,PPG-1 Trideceth-6
4841,
4842,
4843,Retinyl Palmitate
4844,Hydrolyzed Oat Protein
4845,Iodopropynyl Butylcarbamate
4846,
4847,
4848,
4849,
4850,
4851,PPG-1 Trideceth-6
4852,Iodopropynyl Butylcarbamate
4853,
4854,
4855,Rosmarinus Officinalis Leaf Oil
4856,
4857,Lavandula Hybrida Oil
4858,Prunus Amygdalus Dulcis Oil
4859,Lavandula Hybrida Oil
4860,
4861,PEG-40 Castor Oil
4862,
4863,Lavandula Hybrida Oil
4864,Morus Alba Root Extract
4865,Phenyl Trimethicone
4866,
4867,Punica Granatum Fruit Extract
4868,Rosmarinus Officinalis Leaf Oil
4869,
4870,
4871,Lanolin
4872,
4873,
4874,
4875,Carnitine
4876,
4877,
4878,Magnesium sulfate
4879,
4880,Hydrolyzed Keratin
4881,
4882,
4883,
4884,
4885,
4886,
4887,Tryptophan
4888,
4889,
4890,
4891,Niacinamide
4892,
4893,
4894,Mentha Piperita Oil
4895,
4896,Lavandula Angustifolia Oil
4897,Isostearamidopropyl Morpholine Lactate
4898,
4899,Imidazolidinyl Urea
4900,Hydrastis Canadensis Extract
4901,Isoleucine
4902,Magnesium Aluminum Silicate
4903,Melia Azadirachta Extract
4904,
4905,Jasminum Officinale Extract
4906,Prunus Serotina Fruit Extract
4907,Melaleuca Alternifolia Leaf Oil
4908,Lonicera Caprifolium Extract
4909,Hyacinthus Orientalis Extract
4910,Polymethoxy Bicyclic Oxazolidine
4911,
4912,Polymethoxy Bicyclic Oxazolidine
4913,Lavandula Angustifolia Flower Extract
4914,Isostearamidopropyl Morpholine Lactate
4915,Melaleuca Alternifolia Leaf Oil
4916,Lawsonia Inermis Extract
4917,Lavandula Angustifolia Flower Extract
4918,
4919,Polysorbate 80
4920,
4921,Lawsonia Inermis Extract
4922,Methylpropanediol
4923,Phenyl Trimethicone
4924,PEG-80 Sorbitan Laurate
4925,PEG-60 Hydrogenated Castor Oil
4926,Lactoferrin
4927,Vitis Vinifera Seed Extract
4928,PEG-80 Sorbitan Laurate
4929,
4930,
4931,Hydrolyzed Oat Protein
4932,Lavandula Angustifolia Extract
4933,
4934,Melaleuca Alternifolia Leaf Oil
4935,Linum Usitatissimum Seed Oil
4936,Jasminum Officinale Extract
4937,PEG-150 Pentaerythrityl Tetrastearate
4938,Hydrogenated Castor Oil
4939,Butylene Glycol
4940,DMDM Hydantoin
4941,Lactic Acid
4942,
4943,Isostearamidopropyl Morpholine Lactate
4944,
4945,Polyquaternium-7
4946,Retinyl Palmitate
4947,Hydrolyzed Wheat Protein
4948,
4949,Lauryl Glucoside
4950,
4951,Polyquaternium-10
4952,
4953,
4954,Glutamic Acid
4955,
4956,
4957,
4958,Rosmarinus Officinalis Leaf Oil
4959,
4960,Phosphoric Acid
4961,Propylene Glycol
4962,
4963,Lysozyme
4964,Avena Sativa Kernel Meal
4965,PEG-75 Lanolin
4966,Polyquaternium-10
4967,Polyquaternium-10
4968,Polyquaternium-37
4969,Manganese Sulfate
4970,Carnitine HCl
4971,Isopropyl Myristate
4972,Mentha Piperita Oil
4973,
4974,PEG-75 Lanolin
4975,
4976,Hydrolyzed Oat Protein
4977,Polyquaternium-4
4978,Polyquaternium-7
4979,
4980,PEG-12 Dimethicone
4981,Hydrolyzed Keratin
4982,
4983,Polyquaternium-11
4984,Guar Hydroxypropyltrimonium Chloride
4985,PEG-12 Dimethicone
4986,
4987,
4988,PEG-75 Lanolin
4989,
4990,
4991,
4992,Melaleuca Alternifolia Leaf Oil
4993,Lavandula Hybrida Oil
4994,Hydroxypropyl Methylcellulose
4995,
4996,Protease
4997,
4998,Tryptophan
4999,
5000,
5001,
5002,
5003,Oleyl Alcohol
5004,
5005,Phellodendron Amurense Bark Extract
5006,
5007,
5008,
5009,
5010,Citrus Aurantium Dulcis Fruit Extract
5011,Polysorbate 20
5012,Polysorbate 80
5013,Polyquaternium-7
5014,Nonoxynol-9
5015,
5016,
5017,PEG-25 Hydrogenated Castor Oil
5018,
5019,Laureth-10
5020,PEG-25 Hydrogenated Castor Oil
5021,Persea Gratissima Fruit Extract
5022,Lavandula Angustifolia Extract
5023,
5024,Polysorbate 20
5025,Hydrolyzed Wheat Protein
5026,
5027,Aesculus Hippocastanum Seed Extract
5028,Lysine
5029,Potassium Chloride
5030,Sodium Chloride
5031,
5032,Lavandula Angustifolia Extract
5033,Retinyl Palmitate
5034,
5035,Octoxynol-9
5036,
5037,
5038,Malva Sylvestris Extract
5039,
5040,Niacin
5041,
5042,
5043,Glutathione
5044,Rubus Idaeus Fruit
5045,
5046,Malva Sylvestris Extract
5047,Mangifera Indica Fruit Extract
5048,Actinidia Chinensis Fruit Extract
5049,PEG-150 Distearate
5050,Hydrolyzed Soy Protein
5051,Tryptophan
5052,
5053,Magnesium sulfate
5054,Citrus Aurantium Dulcis Oil
5055,
5056,Methionine
5057,Water
5058,Methylparaben
5059,
5060,
5061,
5062,Lactamide MEA
5063,
5064,Magnesium Oxide
5065,Sodium Chloride
5066,PEG-60 Hydrogenated Castor Oil
5067,Menthol
5068,
5069,Houttuynia Cordata Extract
5070,
5071,
5072,Rubus Idaeus Fruit
5073,Silybum Marianum Extract
5074,
5075,Guar Hydroxypropyltrimonium Chloride
5076,
5077,PEG-60 Hydrogenated Castor Oil
5078,
5079,
5080,Hydrolyzed Wheat Protein PG-Propyl Silanetriol
5081,
5082,
5083,
5084,
5085,Malic Acid
5086,
5087,PEG-60 Hydrogenated Castor Oil
5088,PEG-7 Glyceryl Cocoate
5089,Phenoxyethanol
5090,PEG-40 Hydrogenated Castor Oil
5091,PEG-12 Dimethicone
5092,
5093,
5094,
5095,
5096,Menthol
5097,PEG-60 Hydrogenated Castor Oil
5098,Malic Acid
5099,Methylparaben
5100,Water
5101,Nepeta Cataria Extract
5102,
5103,Lysine
5104,PEG-60 Hydrogenated Castor Oil
5105,
5106,Leucine
5107,
5108,
5109,PEG-120 Methyl Glucose Dioleate
5110,Hydrolyzed Wheat Protein
5111,Hydrolyzed Soy Protein
5112,
5113,PEG-40 Castor Oil
5114,
5115,
5116,Hydrolyzed Keratin
5117,
5118,Silybum Marianum Extract
5119,Avena Sativa Meal Extract
5120,Lanolin
5121,Protease
5122,PEG-60 Hydrogenated Castor Oil
5123,Methylparaben
5124,Propylparaben
5125,Water
5126,Propylene Glycol
5127,Water
5128,Niacinamide
5129,
5130,Oenothera Biennis Oil
5131,PEG-12 Dimethicone
5132,
5133,
5134,
5135,Water
5136,
5137,Lysine
5138,
5139,
5140,Hydrolyzed Keratin
5141,
5142,
5143,
5144,
5145,
5146,
5147,
5148,Carnitine
5149,Neohesperidin Dihydrochalcone
5150,
5151,Protease
5152,Lipase
5153,
5154,
5155,
5156,Macadamia Ternifolia Seed Oil
5157,Oryza Sativa Bran Oil
5158,Rosmarinus Officinalis Leaf Oil
5159,Lavandula Angustifolia Flower Extract
5160,Marrubium Vulgare Extract
5161,Prunus Amygdalus Dulcis Oil
5162,
5163,PEG-7 Glyceryl Cocoate
5164,Equisetum Arvense Extract
5165,Methionine
5166,Simmondsia Chinensis Seed Oil
5167,
5168,Rosmarinus Officinalis Leaf Oil
5169,Lavandula Angustifolia Oil
5170,
5171,
5172,Water
5173,
5174,Hydrolyzed Collagen
5175,
5176,
5177,Lysine
5178,Propyl Gallate
5179,Propionic Acid
5180,Glycine
5181,
5182,Lysine
5183,
5184,PEG-400
5185,Tryptophan
5186,
5187,
5188,
5189,Neohesperidin Dihydrochalcone
5190,PEG-40 Castor Oil
5191,PEG-3 Distearate
5192,PEG-120 Methyl Glucose Dioleate
5193,PEG-40 Hydrogenated Castor Oil
5194,
5195,
5196,
5197,
5198,Linoleic Acid
5199,
5200,
5201,
5202,
5203,
5204,Magnesium sulfate
5205,
5206,Juniperus Virginiana Wood Extract
5207,