idx,
0,
1,
2,"1,2-Hexanediol"
3,
4,Propylene Glycol
4,Propylene Glycol
5,
5,Octanediol
6,
6,
7,
7,
8,
8,
9,MDM Hydantoin
9,MDM Hydantoin
10,
10,
11,
11,
12,Etidronic Acid
12,Etidronic Acid
13,
13,
14,
14,
15,
15,
16,Butoxyethanol
16,Butoxyethanol
17,2-Ethylhexyl p-dimethylaminobenzoate
17,2-Ethylhexyl p-dimethylaminobenzoate
18,
18,
19,
19,
20,
20,
21,Methylisothiazolinone
21,Methylisothiazolinone
22,
22,
23,Tromethamine
23,Tromethamine
24,
24,
25,
26,3-O-Ethyl Ascorbic Acid
26,3-O-Ethyl Ascorbic Acid
27,Chloroxylenol
27,Chloroxylenol
28,
28,
29,4-Terpineol
30,
30,Propylparaben
31,
31,
32,Methylchloroisothiazolinone
32,Methylchloroisothiazolinone
33,Disodium Inosinate
34,Naringin
34,Naringin
35,
35,
36,
36,
37,
38,Crambe Abyssinica Seed Oil
38,Crambe Abyssinica Seed Oil
39,Acacia Concinna Fruit Extract
39,Acacia Concinna Fruit Extract
40,
40,
41,Euterpe Oleracea Fruit Extract
42,
42,
43,Acer Saccharum Extract
43,Acer Saccharum Extract
44,Acetamide MEA
44,Acetamide MEA
45,
46,Acetic Acid
46,Acetic Acid
47,Acetic Acid
47,Acetic Acid
48,
48,
49,Acetyl Cysteine
50,Acetylated Lanolin Alcohol
50,Acetylated Lanolin Alcohol
51,Achillea Millefolium Extract
51,Achillea Millefolium Extract
52,Achillea Millefolium Extract
52,
53,
54,
54,
55,
55,
56,
56,
57,
58,
58,
59,
59,
60,
60,
61,
62,
62,
63,
63,
64,
64,
65,Acorus Calamus Root Extract
66,Acorus Calamus Root Extract
66,Acorus Calamus Root Extract
67,
67,
68,
68,
69,
70,
70,
71,
71,
72,Acrylamides Copolymer
72,Acrylamides Copolymer
73,Acrylates Copolymer
74,
74,
75,
75,
76,Acrylates/Vinyl Neodecanoate Crosspolymer
76,Acrylates/Vinyl Neodecanoate Crosspolymer
77,
78,
78,Actinidia Chinensis Fruit
79,Actinidia Chinensis Fruit Extract
79,Actinidia Chinensis Fruit Extract
80,Actinidia Polygama Fruit Extract
80,Actinidia Polygama Fruit Extract
81,
82,
82,
83,Adenosine
83,
84,
84,
85,Aesculus Hippocastanum Seed Extract
86,Agar
86,Agar
87,
87,
88,Agrimonia Eupatoria Extract
88,Agrimonia Eupatoria Extract
89,Alanine
90,Alaria Esculenta Extract
90,Alaria Esculenta Extract
91,Alcohol
91,Alcohol
92,
92,
93,
94,
94,Medicago Sativa Extract
95,Algae Extract
95,Algae Extract
96,Algae Extract
96,Algae Extract
97,
98,Alkanna Tinctoria Root Extract
98,Alkanna Tinctoria Root Extract
99,Benzalkonium chloride
99,Benzalkonium chloride
100,
100,
101,
102,
102,
103,
103,
104,
104,
105,Allantoin
106,Allium Cepa Bulb Extract
106,Allium Cepa Bulb Extract
107,Allium Sativum Bulb Extract
107,Allium Sativum Bulb Extract
108,
108,
109,
110,
110,
111,
111,
112,
112,
113,
114,Aloe Andongensis Leaf Extract
114,Aloe Andongensis Leaf Extract
115,Aloe Barbadensis Extract
115,Aloe Barbadensis Extract
116,Aloe Barbadensis Flower Extract
116,Aloe Barbadensis Flower Extract
117,
118,Aloe Barbadensis Leaf
118,Aloe Barbadensis Leaf
119,Aloe Barbadensis Leaf Extract
119,Aloe Barbadensis Leaf Extract
120,
120,
121,Aloe Barbadensis Extract
122,
122,
123,
123,
124,
124,
125,
126,Amylase
126,Amylase
127,
127,
128,
128,
129,Lactic acid
130,Arnica Montana Flower
130,
131,Althaea Officinalis Root
131,Althaea Officinalis Root
132,Althaea Officinalis Root Extract
132,Althaea Officinalis Root Extract
133,Alpha-Isomethyl Ionone
134,Actinidia chinensis Fruit
134,Actinidia chinensis Fruit
135,Aluminum chlorohydrate
135,Aluminum chlorohydrate
136,Aluminum Silicate
136,Aluminum Silicate
137,
138,
138,
139,
139,
140,
140,
141,
142,
142,
143,
143,
144,
144,
145,Aminomethyl propanol
146,Phyllanthus Emblica Extract
146,Phyllanthus Emblica Extract
147,Amyl Cinnamal
147,Amyl Cinnamal
148,Ammonia
148,Ammonia
149,
150,Ammonium Chloride
150,Ammonium Chloride
151,
151,
152,Ammonium Hydroxide
152,Ammonium Hydroxide
153,Ammonium Laureth Sulfate
154,
154,
155,
155,
156,
156,
157,
158,
158,
159,
159,
160,
160,
161,Amodimethicone
162,
162,
163,
163,
164,
164,
165,
166,
166,
167,Amylase
167,Amylase
168,
168,
169,
170,Angelica Acutiloba Root Extract
170,Angelica Acutiloba Root Extract
171,
171,
172,
172,
173,
174,Alpha-Glucan Oligosaccharide
174,Alpha-Glucan Oligosaccharide
175,Angelica Archangelica Extract
175,Angelica Archangelica Extract
176,
176,
177,
178,
178,
179,Anthemis Nobilis Flower Extract
179,Anthemis Nobilis Flower Extract
180,Anthemis Nobilis Flower Oil
180,
181,
182,
182,
183,Antibiotics
183,Antibiotics
184,
184,
185,
186,
186,
187,
187,
188,
188,
189,
190,
190,
191,
191,Malus Domestica Fruit Extract
192,
192,
193,
194,Aspartic Acid
194,Aspartic Acid
195,Arctium Lappa Root Extract
195,Arctium Lappa Root Extract
196,Arctium Lappa Root Extract
196,Arctium Lappa Root Extract
197,Arctium Lappa Root Extract
198,Silanetriol
198,Silanetriol
199,
199,
200,
200,
201,Acacia Senegal Gum
202,Arachis Hypogaea Oil
202,Arachis Hypogaea Oil
203,Argania Spinosa Kernel Oil
203,Argania Spinosa Kernel Oil
204,
204,Arginine
205,
206,Arnica Montana Flower
206,Arnica Montana Flower
207,
207,Argania Spinosa Kernel Oil
208,Arnica Montana Flower Extract
208,Arnica Montana Flower Extract
209,
210,
210,
211,Artemisia Annua Extract
211,Artemisia Annua Extract
212,Artemisia Princeps Extract
212,Artemisia Princeps Extract
213,Artemisia Princeps Leaf Extract
214,Cynara Scolymus Leaf Extract
214,
215,
215,
216,Ascorbyl Palmitate
216,Ascorbyl Palmitate
217,Asiatic Acid
218,Asiaticoside
218,Asiaticoside
219,
219,
220,
220,
221,
222,Astragalus Membranaceus Extract
222,Astragalus Membranaceus Extract
223,
223,
224,
224,
225,
226,Avena Sativa Kernel Extract
226,Avena Sativa Kernel Extract
227,Avena sativa kernel Oil
227,Avena sativa kernel Oil
228,Avocadamidopropalkonium Chloride
228,Avocadamidopropalkonium Chloride
229,
230,Zingiber Zerumbet Extract
230,Zingiber Zerumbet Extract
231,Azadirachta Indica Seed Extract
231,Azadirachta Indica Seed Extract
232,Azadirachta Indica Seed Oil
232,Azadirachta Indica Seed Oil
233,Backhousia Citriodora Leaf Oil
234,
234,
235,
235,
236,
236,
237,
238,
238,
239,
239,
240,Backhousia Anisata Leaf Extract
240,Backhousia Anisata Leaf Extract
241,Backhousia Anisata Leaf Extract
242,
242,
243,
243,
244,Bambusa Vulgaris Extract
244,Bambusa Vulgaris Extract
245,Bambusa Vulgaris Extract
246,
246,
247,Bambusa Vulgaris Water
247,Bambusa Vulgaris Water
248,
248,
249,Banksia Serrata Flower Extract
250,
250,
251,
251,
252,
252,
253,Beetroot Red
254,Behentrimonium chloride
254,Behentrimonium chloride
255,Behentrimonium Methosulfate
255,Behentrimonium Methosulfate
256,Benzalkonium Chloride
256,Benzalkonium Chloride
257,
258,Benzisothiazolinone
258,Benzisothiazolinone
259,Benzoic Acid
259,Benzoic Acid
260,
260,
261,Benzophenone
262,Benzophenone-3
262,Benzophenone-3
263,Benzophenone-4
263,Benzophenone-4
264,Benzophenone-5
264,Benzophenone-5
265,Benzophenone-9
266,Benzoyl Peroxide
266,Benzoyl Peroxide
267,Benzyl Acetate
267,Benzyl Acetate
268,Benzyl Alcohol
268,Benzyl Alcohol
269,Benzyl Benzoate
270,
270,
271,Benzyl Salicylate
271,Benzyl Salicylate
272,
272,
273,
274,Bertholletia Excelsa Seed Oil
274,Bertholletia Excelsa Seed Oil
275,Bertholletia Excelsa Seed Oil
275,Bertholletia Excelsa Seed Oil
276,
276,
277,Amylase
278,Beta-Carotene
278,Beta-Carotene
279,Beta-Caryophyllene
279,Beta-Caryophyllene
280,Cyclodextrin
280,Cyclodextrin
281,Glucose
282,Beta-Glucan
282,
283,
283,
284,
284,
285,Betaine
286,
286,
287,Betula Alba Bark Extract
287,Betula Alba Bark Extract
288,Betula Alba Bark Extract
288,Betula Alba Bark Extract
289,Betula Alba Leaf Extract
290,Betula Platyphylla Japonica Juice
290,Betula Platyphylla Japonica Juice
291,BHA
291,BHA
292,BHT
292,BHT
293,Bifidobacterium
294,
294,
295,
295,
296,Biosaccharide Gum-4
296,
297,
298,
298,
299,
299,
300,Betula Alba Bark Extract
300,Betula Alba Bark Extract
301,
302,Bisabolol
302,Bisabolol
303,
303,
304,
304,
305,
306,
306,
307,
307,
308,
308,
309,
310,Bismuth subnitrate
310,Bismuth subnitrate
311,
311,
312,
312,
313,Piper Nigrum Fruit
314,Piper Nigrum Fruit Oil
314,Piper Nigrum Fruit Oil
315,
315,
316,
316,
317,
318,
318,
319,
319,
320,
320,
321,
322,
322,
323,
323,
324,
324,
325,
326,
326,
327,
327,
328,
328,
329,Borago Officinalis Extract
330,Borago Officinalis Seed Oil
330,Borago Officinalis Seed Oil
331,Boric acid
331,Boric acid
332,Boric acid
332,Boric acid
333,Boric acid
334,Borneol
334,Borneol
335,Boswellia Carterii Gum Oil
335,Boswellia Carterii Gum Oil
336,Boswellia Carterii Bark Powder
336,Boswellia Carterii Bark Powder
337,Boswellia Carterii Gum Extract
338,Boswellia Serrata Extract
338,Boswellia Serrata Extract
339,Boswellia Serrata Gum
339,Boswellia Serrata Gum
340,
340,
341,
342,
342,
343,
343,
344,
344,
345,
346,Brassica Alcohol
346,Brassica Alcohol
347,Brassica Nigra Seed Extract
347,Brassica Nigra Seed Extract
348,Brassicyl Isoleucinate Esylate
348,Brassicyl Isoleucinate Esylate
349,Bromelain
350,Broussonetia Kazinoki Root Extract
350,Broussonetia Kazinoki Root Extract
351,
351,
352,
352,
353,Arctium Lappa Root Extract
354,Butane
354,Butane
355,Butyl Ester of PVM/MA Copolymer
355,Butyl Ester of PVM/MA Copolymer
356,Butyl Methoxydibenzoylmethane
356,Butyl Methoxydibenzoylmethane
357,
358,
358,
359,
359,
360,
360,
361,Butylene Glycol
362,
362,
363,Butylphenyl Methylpropional
363,Butylphenyl Methylpropional
364,Butyrospermum Parkii Oil
364,Butyrospermum Parkii Oil
365,Butyrospermum Parkii Butter
366,
366,
367,
367,
368,Beeswax
368,Beeswax
369,C10-30 Cholesterol/Lanosterol Esters
370,
370,
371,
371,
372,C12-13 Pareth-3
372,C12-13 Pareth-3
373,C12-13 Pareth-23
374,C11-15 Pareth-12
374,C11-15 Pareth-12
375,
375,
376,C12-13 Alkyl Lactate
376,C12-13 Alkyl Lactate
377,C12-13 Pareth-9
378,C12-13 Pareth-9
378,C12-13 Pareth-9
379,C12-14 Pareth-12
379,C12-14 Pareth-12
380,
380,
381,
382,C12-20 Alkyl Glucoside
382,C12-20 Alkyl Glucoside
383,C13-14 Isoparaffin
383,C13-14 Isoparaffin
384,C14-22 Alcohols
384,C14-22 Alcohols
385,
386,Calcium Chloride
386,Calcium Chloride
387,
387,
388,
388,
389,
390,Acorus Calamus Root Extract
390,Acorus Calamus Root Extract
391,
391,
392,
392,
393,Calcium Lactate
394,Calcium Pantothenate
394,
395,Calcium PCA
395,Calcium PCA
396,Tricalcium Phosphate
396,Tricalcium Phosphate
397,Calcium Pyrophosphate
398,Dicalcium Phosphate
398,Dicalcium Phosphate
399,Calcium Phosphate
399,Calcium Phosphate
400,Calendula Officinalis Extract
400,Calendula Officinalis Extract
401,Calendula Officinalis Flower Oil
402,Calendula Officinalis Extract
402,Calendula Officinalis Extract
403,
403,
404,Calendula Officinalis Flower
404,Calendula Officinalis Flower
405,Calendula Officinalis Flower Extract
406,Calendula Officinalis Flower Oil
406,Calendula Officinalis Flower Oil
407,
407,Calendula Officinalis Seed Oil
408,Calendula Officinalis Seed Oil
408,Calendula Officinalis Seed Oil
409,
410,Calophyllum Inophyllum Seed Oil
410,Calophyllum Inophyllum Seed Oil
411,
411,
412,Camellia Japonica Seed Oil
412,Camellia Japonica Seed Oil
413,Camellia Japonica Seed Oil
414,
414,
415,
415,Camellia Seed Oil
416,Camellia Oleifera Seed Oil
416,Camellia Oleifera Seed Oil
417,Camellia Oleifera Seed Extract
418,Camellia Oleifera Leaf Extract
418,
419,Camellia Sinensis Seed Oil
419,Camellia Sinensis Seed Oil
420,Camellia Sinensis Leaf Extract
420,Camellia Sinensis Leaf Extract
421,Camellia Sinensis Leaf Water
422,
422,
423,Camphor
423,Camphor
424,Cananga Odorata Flower Oil
424,Cananga Odorata Flower Oil
425,
426,
426,
427,Cannabis Sativa Seed Oil
427,Cannabis Sativa Seed Oil
428,
428,Canola Oil
429,
430,
430,
431,
431,
432,Capric Acid
432,Capric Acid
433,
434,
434,
435,Capryloyl Heptapeptide-33
435,Capryloyl Heptapeptide-33
436,Caprylyl Glycol
436,
437,
438,
438,
439,Capsicum Annuum Extract
439,Capsicum Annuum Extract
440,
440,
441,
442,
442,
443,
443,
444,
444,
445,
446,
446,
447,Caprylhydroxamic Acid
447,Caprylhydroxamic Acid
448,
448,
449,
450,
450,
451,
451,
452,
452,
453,
454,
454,Carbon Dioxide
455,
455,
456,
456,
457,
458,
458,
459,
459,
460,
460,
461,
462,
462,Carrageenan
463,
463,
464,
464,
465,
466,
466,Carum Copticum Fruit Extract
467,
467,
468,
468,
469,
470,
470,
471,
471,
472,
472,
473,Nepeta Cataria Extract
474,Nepeta Cataria Oil
474,Nepeta Cataria Oil
475,
475,
476,
476,
477,Cedrus Atlantica Bark Oil
478,Cedrus Atlantica Bark Extract
478,
479,
479,
480,Juniperus Oxycedrus Wood Oil
480,Juniperus Oxycedrus Wood Oil
481,Cedrus Deodara Wood Oil
482,Cedrus Deodara Wood Oil
482,Cedrus Deodara Wood Oil
483,
483,
484,Centaurea Cyanus Flower Extract
484,Centaurea Cyanus Flower Extract
485,Centaurea Cyanus Flower Water
486,Centaurea Cyanus Flower
486,Centaurea Cyanus Flower
487,
487,
488,
488,Cellulose
489,Cellulose Gum
490,Polyquaternium-10
490,Polyquaternium-10
491,
491,
492,Centella Asiatica Extract
492,Centella Asiatica Extract
493,Centella Asiatica Leaf Extract
494,Centella Asiatica Leaf/Stem Powder
494,
495,
495,
496,Ceramide EOP
496,Ceramide EOP
497,Cera Alba
498,
498,
499,
499,
500,
500,
501,Ceramide AP
502,Ceramide NP
502,
503,Ceresin
503,Ceresin
504,Cereus Grandiflorus Flower Extract
504,Cereus Grandiflorus Flower Extract
505,
506,
506,
507,
507,
508,Ceteareth-20
508,Ceteareth-20
509,
510,
510,
511,
511,
512,
512,
513,
514,
514,
515,Cetearyl Glucoside
515,Cetearyl Glucoside
516,
516,
517,
518,
518,
519,
519,
520,
520,
521,
522,
522,
523,Ceteareth-7
523,Ceteareth-7
524,
524,
525,
526,
526,
527,
527,
528,
528,
529,
530,
530,Cetylpyridinium chloride
531,
531,
532,
532,
533,
534,
534,Chamaecyparis Obtusa Oil
535,Chamaecyparis Obtusa Water
535,Chamaecyparis Obtusa Water
536,
536,
537,
538,
538,Charcoal Powder
539,
539,
540,
540,
541,
542,
542,
543,
543,
544,
544,
545,
546,
546,
547,
547,
548,
548,
549,Chlorella Vulgaris Extract
550,
550,Chlorhexidine Digluconate
551,Chlorhexidine Digluconate
551,
552,
552,Chlorhexidine
553,Chlorine Dioxide
554,
554,
555,Chlorophyllin-Copper complex
555,Chlorophyllin-Copper complex
556,Chlorphenesin
556,Chlorphenesin
557,
558,Cholesterol
558,Cholesterol
559,
559,
560,
560,
561,Choline chloride
562,Sodium Chondroitin Sulfate
562,Sodium Chondroitin Sulfate
563,
563,
564,Chondrus Crispus
564,Chondrus Crispus
565,
566,
566,
567,Chrysanthemum Coccineum Flower Extract
567,Chrysanthemum Coccineum Flower Extract
568,Chrysin
568,Chrysin
569,
570,
570,
571,
571,
572,
572,
573,
574,
574,
575,
575,
576,
576,
577,
578,
578,
579,
579,
580,CI 28440
580,CI 28440
581,
582,
582,
583,
583,
584,
584,
585,
586,
586,
587,
587,
588,Clematis Vitalba Leaf Extract
588,Clematis Vitalba Leaf Extract
589,
590,
590,Cinnamomum Zeylanicum Bark Oil
591,
591,
592,Cinnamomum Camphora Leaf Oil
592,Cinnamomum Camphora Leaf Oil
593,Cinnamomum Cassia Bark Extract
594,Cinnamomum Cassia Leaf Oil
594,Cinnamomum Cassia Leaf Oil
595,
595,
596,Cinnamomum Cassia Bark Oil
596,Cinnamomum Cassia Bark Oil
597,Cinnamomum Zeylanicum Bark Oil
598,Cinnamal
598,Cinnamal
599,
599,
600,Cinchona Succirubra Bark Extract
600,Cinchona Succirubra Bark Extract
601,Citric Acid
602,
602,
603,
603,
604,
604,
605,Climbazole
606,Coal Tar
606,Coal Tar
607,
607,
608,
608,
609,
610,Citrus Limon Juice Extract
610,Citrus Limon Juice Extract
611,
611,
612,
612,Citrus Grandis Seed Extract
613,Citrus Nobilis Oil
614,Citrus Sinensis Fruit Extract
614,Citrus Sinensis Fruit Extract
615,
615,Citrus Aurantifolia Fruit Extract
616,
616,
617,Citrus Aurantifolia Oil
618,Citrus Aurantium Dulcis Peel Extract
618,Citrus Aurantium Dulcis Peel Extract
619,Citrus Aurantium Dulcis Oil
619,Citrus Aurantium Dulcis Oil
620,Citrus Aurantium Dulcis Fruit Extract
620,Citrus Aurantium Dulcis Fruit Extract
621,Citrus Aurantium Dulcis Oil
622,Citrus Aurantium Dulcis Peel Oil
622,Citrus Aurantium Dulcis Peel Oil
623,Citrus Grandis Seed Extract
623,Citrus Grandis Seed Extract
624,Citrus Reticulata Leaf Oil
624,Citrus Reticulata Leaf Oil
625,
626,Citrus Paradisi Fruit Extract
626,Citrus Paradisi Fruit Extract
627,Citrus Tangerina Peel Oil
627,Citrus Tangerina Peel Oil
628,Citrus Unshiu Extract
628,Citrus Unshiu Extract
629,
630,
630,
631,
631,
632,Cobalt Gluconate
632,Cobalt Gluconate
633,
634,Cobalt Chloride
634,Cobalt Chloride
635,Cocamide MEA
635,Cocamide MEA
636,Cocamide DEA
636,Cocamide DEA
637,
638,
638,
639,Cocamide DIPA
639,Cocamide DIPA
640,Cocamide MIPA
640,Cocamide MIPA
641,Cupressus Sempervirens Oil
642,Cnidium Officinale Rhizome Extract
642,Cnidium Officinale Rhizome Extract
643,
643,
644,
644,
645,Cocamidopropyl Betaine
646,Cocamine Oxide
646,Cocamine Oxide
647,
647,
648,Cocamidopropyl Hydroxysultaine
648,Cocamidopropyl Hydroxysultaine
649,Cocamidopropylamine oxide
650,Cocamidopropyl PG-Dimonium Chloride
650,Cocamidopropyl PG-Dimonium Chloride
651,Cocamidopropyl PG-dimonium chloride phosphate
651,Cocamidopropyl PG-dimonium chloride phosphate
652,Coco-Betaine
652,Coco-Betaine
653,Coco-Glucoside
654,
654,
655,
655,Coceth-3
656,
656,
657,
658,Coco/Sunfloweramidopropyl Betaine
658,Coco/Sunfloweramidopropyl Betaine
659,Theobroma Cacao Seed Butter
659,Theobroma Cacao Seed Butter
660,
660,
661,
662,
662,
663,
663,
664,
664,
665,Coco-Caprylate
666,
666,
667,
667,
668,Cocodimonium hydroxypropyl hydrolyzed collagen
668,Cocodimonium hydroxypropyl hydrolyzed collagen
669,Cocodimonium Hydroxypropyl Hydrolyzed Keratin
670,Cocodimonium Hydroxypropyl Hydrolyzed Rice Protein
670,Cocodimonium Hydroxypropyl Hydrolyzed Rice Protein
671,Cocodimonium hydroxypropyl hydrolyzed wheat protein
671,Cocodimonium hydroxypropyl hydrolyzed wheat protein
672,
672,
673,
674,Cocamide Dea
674,Cocamide Dea
675,Cocoyl Hydroxyethyl Imidazoline
675,Cocoyl Hydroxyethyl Imidazoline
676,Coconut Alcohol
676,Coconut Alcohol
677,
678,
678,
679,Cocos Nucifera Oil
679,Cocos Nucifera Oil
680,Cocos Nucifera Oil
680,Cocos Nucifera Oil
681,
682,
682,
683,
683,
684,
684,
685,
686,
686,
687,
687,
688,Cocotrimonium Methosulfate
688,Cocotrimonium Methosulfate
689,
690,
690,
691,Cocoyl Sarcosine
691,Cocoyl Sarcosine
692,
692,
693,
694,
694,
695,
695,
696,Colloidal Oatmeal
696,Colloidal Oatmeal
697,
698,Colloidal Silver
698,Colloidal Silver
699,
699,
700,Ubiquinol
700,Ubiquinol
701,Collagen
702,
702,
703,Cucumis Sativus Fruit Extract
703,Cucumis Sativus Fruit Extract
704,
704,
705,
706,Commiphora myrrha Oil
706,Commiphora myrrha Oil
707,Symphytum Officinale Extract
707,Symphytum Officinale Extract
708,Symphytum Officinale Extract
708,Symphytum Officinale Extract
709,
710,Symphytum Officinale Leaf Extract
710,Symphytum Officinale Leaf Extract
711,
711,
712,
712,
713,
714,
714,
715,
715,
716,
716,
717,
718,
718,
719,Copaifera Officinalis Resin
719,Copaifera Officinalis Resin
720,Copernicia cerifera wax
720,Copernicia cerifera wax
721,
722,
722,
723,
723,
724,
724,
725,Copper gluconate
726,
726,
727,
727,
728,
728,
729,Copper sulfate
730,
730,
731,Coridothymus Capitatus Oil
731,Coridothymus Capitatus Oil
732,
732,
733,
734,
734,
735,
735,
736,Coumarin
736,Coumarin
737,
738,Creatine
738,Creatine
739,
739,
740,Crataegus Monogyna Fruit Extract
740,Crataegus Monogyna Fruit Extract
741,
742,Crithmum Maritimum Extract
742,Crithmum Maritimum Extract
743,
743,
744,
744,
745,
746,Croton Lechleri Resin Extract
746,Croton Lechleri Resin Extract
747,
747,
748,
748,
749,
750,
750,
751,Cucumis Sativus Extract
751,
752,
752,
753,
754,
754,
755,
755,
756,Curcuma Longa Root Oil
756,Curcuma Longa Root Oil
757,Cyclohexasiloxane
758,
758,
759,
759,
760,Cyanocobalamin
760,Cyanocobalamin
761,Cyclodextrin
762,Cyclomethicone
762,
763,
763,
764,
764,
765,
766,Cymbopogon Citratus Extract
766,Cymbopogon Citratus Extract
767,Cymbopogon Citratus Leaf Oil
767,Cymbopogon Citratus Leaf Oil
768,Cymbopogon Citratus Extract
768,Cymbopogon Citratus Extract
769,Cymbopogon Citratus Leaf Oil
770,Cymbopogon Flexuosus Oil
770,Cymbopogon Flexuosus Oil
771,Cymbopogon Martini Oil
771,Cymbopogon Martini Oil
772,Cymbopogon Martini Oil
772,Cymbopogon Martini Oil
773,
774,
774,
775,
775,
776,Citronellol
776,Citronellol
777,Cupressus Sempervirens Oil
778,
778,
779,Cysteine
779,Cysteine
780,Cyclopentasiloxane
780,Cyclopentasiloxane
781,
782,
782,
783,
783,
784,
784,
785,
786,Water
786,
787,Decyl Glucoside
787,Decyl Glucoside
788,Dextrin
788,Dextrin
789,
790,Disodium cocamido MIPA-sulfosuccinate
790,Disodium cocamido MIPA-sulfosuccinate
791,Dicaprylyl Ether
791,Dicaprylyl Ether
792,
792,
793,Diatomaceous Earth
794,
794,
795,DI-C12-13 Alkyl Malate
795,DI-C12-13 Alkyl Malate
796,
796,
797,Diazolidinyl Urea
798,
798,
799,
799,
800,Dicocoylethyl Hydroxyethylmonium Methosulfate
800,Dicocoylethyl Hydroxyethylmonium Methosulfate
801,
802,
802,
803,
803,
804,Diethanolamine
804,Diethanolamine
805,Diglycerin
806,
806,
807,Dihydrogenated Tallow Phthalic Acid Amide
807,Dihydrogenated Tallow Phthalic Acid Amide
808,Dihydroxypropyl PEG-5 linoleammonium chloride
808,Dihydroxypropyl PEG-5 linoleammonium chloride
809,
810,
810,
811,
811,
812,Dicetyldimonium Chloride
812,Dicetyldimonium Chloride
813,
814,
814,
815,
815,
816,
816,
817,
818,
818,
819,
819,
820,Dimethicone PEG-8 Meadowfoamate
820,Dimethicone PEG-8 Meadowfoamate
821,
822,
822,
823,Dimethiconol
823,Dimethiconol
824,
824,
825,Dimethyl glutarate
826,Dimethyl Lauramine Isostearate
826,Dimethyl Lauramine Isostearate
827,Dimethyl Stearamine
827,Dimethyl Stearamine
828,Dimethyl sulfone
828,Dimethyl sulfone
829,
830,
830,
831,
831,
832,
832,
833,
834,Dipotassium Phosphate
834,Dipotassium Phosphate
835,Disodium cocoamphodiacetate
835,Disodium cocoamphodiacetate
836,
836,
837,
838,
838,Dipropylene Glycol
839,
839,
840,
840,
841,Daemonorops Draco Extract
842,
842,
843,
843,
844,Decyl Oleate
844,Decyl Oleate
845,
846,Deltamethrin
846,Deltamethrin
847,
847,
848,
848,
849,
850,Harpagophytum Procumbens Root Extract
850,Harpagophytum Procumbens Root Extract
851,
851,Dipalmitoylethyl hydroxyethylmonium methosulfate
852,
852,
853,
854,
854,
855,Disodium Lauryl Sulfosuccinate
855,Disodium Lauryl Sulfosuccinate
856,Disodium distyrylbiphenyl disulfonate
856,Disodium distyrylbiphenyl disulfonate
857,Disodium cocoamphodipropionate
858,disodium cocoyl glutamate
858,disodium cocoyl glutamate
859,
859,
860,
860,
861,Disodium EDTA
862,Disodium Phosphate
862,Disodium Phosphate
863,
863,
864,
864,
865,
866,Disodium phosphate
866,Disodium phosphate
867,Disodium phosphate
867,Disodium phosphate
868,Disodium Pyrophosphate
868,Disodium Pyrophosphate
869,
870,
870,
871,Distearoylethyl Dimonium Chloride
871,Distearoylethyl Dimonium Chloride
872,Distearyl phthalic acid amide
872,Distearyl phthalic acid amide
873,Distearyldimonium Chloride
874,
874,
875,
875,
876,
876,
877,
878,
878,
879,
879,
880,
880,
881,DMDM Hydantoin
882,DMDM Hydantoin
882,DMDM Hydantoin
883,
883,
884,
884,
885,
886,
886,
887,Docosahexaenoic acid
887,Docosahexaenoic acid
888,
888,
889,
890,
890,
891,
891,
892,Di-C12-13 Alkyl Tartrate
892,Di-C12-13 Alkyl Tartrate
893,
894,Echinacea Angustifolia Extract
894,Echinacea Angustifolia Extract
895,Eclipta Prostrata Extract
895,Eclipta Prostrata Extract
896,
896,
897,EDTA
898,EDTA
898,EDTA
899,Tetrasodium EDTA
899,Tetrasodium EDTA
900,Disodium EDTA
900,
901,
902,Egg shell powder
902,Egg shell powder
903,
903,
904,
904,
905,Eicosapentaenoic acid
906,
906,
907,Elastin
907,Elastin
908,
908,Sambucus Nigra Fruit Extract
909,Water
910,Elettaria Cardamomum Seed Oil
910,Elettaria Cardamomum Seed Oil
911,
911,
912,
912,
913,
914,
914,
915,
915,
916,
916,
917,
918,
918,
919,
919,
920,
920,
921,
922,
922,
923,Epilobium Fleischeri Extract
923,Epilobium Fleischeri Extract
924,
924,
925,
926,Equisetum Arvense Extract
926,Equisetum Arvense Extract
927,Equisetum Arvense Extract
927,Equisetum Arvense Extract
928,Equisetum Hiemale Extract
928,Equisetum Hiemale Extract
929,Ergocalciferol
930,Erigeron Annuus Flower Oil
930,Erigeron Annuus Flower Oil
931,Eriobotrya Japonica Leaf Extract
931,Eriobotrya Japonica Leaf Extract
932,Erythorbic acid
932,Erythorbic acid
933,
934,
934,
935,
935,
936,Ethanolamine
936,Ethanolamine
937,Ethoxydiglycol
938,
938,
939,
939,
940,
940,
941,
942,
942,
943,Ethyl Isostearate
943,Ethyl Isostearate
944,Ethyl Lactate
944,Ethyl Lactate
945,Ethyl linolenate
946,Ethylparaben
946,Ethylparaben
947,Ethyl Vanillin
947,Ethyl Vanillin
948,
948,
949,Ethylene Glycol
950,
950,
951,Ethylene/VA Copolymer
951,Ethylene/VA Copolymer
952,
952,
953,
954,
954,
955,Ethylhexyl Palmitate
955,Ethylhexyl Palmitate
956,Ethylhexylglycerin
956,Ethylhexylglycerin
957,
958,
958,
959,Eucalyptol
959,Eucalyptol
960,Eucalyptus Citriodora Oil
960,Eucalyptus Citriodora Oil
961,Eucalyptus Globulus Leaf Extract
962,Eucalyptus Globulus Leaf Oil
962,Eucalyptus Globulus Leaf Oil
963,Eucalyptus Globulus Leaf Oil
963,Eucalyptus Globulus Leaf Oil
964,Eucalyptus Globulus Leaf Extract
964,Eucalyptus Globulus Leaf Extract
965,Eucalyptus Globulus Leaf Oil
966,
966,Eucalyptus Globulus Leaf Oil
967,Eucalyptus Radiata Leaf Extract
967,Eucalyptus Radiata Leaf Extract
968,
968,
969,Eugenia Caryophyllus Bud Oil
970,Eugenia Caryophyllus Bud Oil
970,Eugenia Caryophyllus Bud Oil
971,Eugenia caryophyllus flower extract
971,Eugenia caryophyllus flower extract
972,Eugenia caryophyllus flower oil
972,Eugenia caryophyllus flower oil
973,
974,Eugenol
974,Eugenol
975,
975,
976,Euphorbia supina stem extract
976,Euphorbia supina stem extract
977,Euphrasia Officinalis Flower/Leaf/Stem Water
978,
978,
979,Euterpe oleracea Fruit Oil
979,Euterpe oleracea Fruit Oil
980,Euterpe oleracea Fruit Oil
980,Euterpe oleracea Fruit Oil
981,Euterpe oleracea Fruit Oil
982,
982,
983,
983,
984,
984,
985,
986,Equisetum Arvense Extract
986,Equisetum Arvense Extract
987,Andrographolide
987,Andrographolide
988,Echinacea Angustifolia Meristem Cell Culture
988,Echinacea Angustifolia Meristem Cell Culture
989,Colloidal Oatmeal
990,Milk Extract
990,Milk Extract
991,
991,
992,
992,
993,
994,
994,
995,
995,
996,
996,
997,
998,
998,
999,
999,
1000,
1000,
1001,
1002,
1002,
1003,
1003,
1004,
1004,
1005,
1006,
1006,
1007,
1007,
1008,
1008,
1009,
1010,
1010,
1011,
1011,
1012,
1012,
1013,
1014,
1014,
1015,
1015,
1016,
1016,
1017,Fermented Vegetable
1018,
1018,
1019,
1019,
1020,
1020,
1021,
1022,
1022,
1023,
1023,
1024,
1024,
1025,
1026,
1026,
1027,Fluorescent Brightener 230
1027,Fluorescent Brightener 230
1028,Foeniculum Vulgare Fruit Extract
1028,Foeniculum Vulgare Fruit Extract
1029,Folic acid
1030,
1030,
1031,
1031,
1032,
1032,
1033,
1034,
1034,
1035,
1035,
1036,
1036,
1037,
1038,
1038,
1039,Formaldehyde
1039,Formaldehyde
1040,Formalin
1040,Formalin
1041,Formic acid
1042,Forsythia Viridissima Fruit Extract
1042,Forsythia Viridissima Fruit Extract
1043,
1043,
1044,
1044,
1045,
1046,Fragaria chiloensis fruit extract
1046,Fragaria chiloensis fruit extract
1047,
1047,
1048,
1048,
1049,
1050,
1050,
1051,
1051,
1052,
1052,
1053,
1054,
1054,
1055,
1055,
1056,
1056,
1057,
1058,
1058,
1059,
1059,
1060,
1060,
1061,
1062,
1062,
1063,
1063,
1064,
1064,
1065,
1066,
1066,
1067,Boswellia Carterii Gum Extract
1067,Boswellia Carterii Gum Extract
1068,
1068,
1069,
1070,Fructose
1070,Fructose
1071,Fusanus spicatus wood oil
1071,Fusanus spicatus wood oil
1072,Fucus Vesiculosus Extract
1072,Fucus Vesiculosus Extract
1073,Fucus Vesiculosus Extract
1074,
1074,
1075,Fullerenes
1075,Fullerenes
1076,Fusanus spicatus wood oil
1076,Fusanus spicatus wood oil
1077,Fusel Wheat Bran/Straw Glycosides
1078,Galactoarabinan
1078,Galactoarabinan
1079,Gallic acid
1079,Gallic acid
1080,Gamma-Undecalactone
1080,Gamma-Undecalactone
1081,
1082,Garcinia Mangostana Fruit Extract
1082,Garcinia Mangostana Fruit Extract
1083,Gardenia Florida Fruit Extract
1083,Gardenia Florida Fruit Extract
1084,gardenia jasminoides meristem cell culture
1084,gardenia jasminoides meristem cell culture
1085,Gaultheria Procumbens Leaf OIl
1086,Panax Ginseng Root
1086,Panax Ginseng Root
1087,Gelatin
1087,Gelatin
1088,
1088,
1089,Gentiana Lutea Root Extract
1090,Geraniol
1090,Geraniol
1091,Geranium Maculatum Extract
1091,Geranium Maculatum Extract
1092,Geranium Maculatum Oil
1092,Geranium Maculatum Oil
1093,
1094,
1094,
1095,
1095,
1096,Zingiber Officinale Root
1096,Zingiber Officinale Root
1097,Zingiber Officinale Root
1098,Ginkgo Biloba Nut Extract
1098,
1099,Ginkgo Biloba Leaf Extract
1099,Ginkgo Biloba Leaf Extract
1100,
1100,
1101,
1102,Gluconolactone
1102,Gluconolactone
1103,
1103,
1104,Glucosamine sulfate
1104,
1105,Glucose
1106,Glucose glutamate
1106,Glucose glutamate
1107,Glucose Oxidase
1107,Glucose Oxidase
1108,Glutamic Acid
1108,Glutamic Acid
1109,Glutamine
1110,
1110,
1111,Glutathione
1111,
1112,
1112,
1113,Glycereth-2 Cocoate
1114,
1114,
1115,Glycerin
1115,Glycerin
1116,
1116,
1117,
1118,
1118,
1119,Glyceryl Caprylate
1119,Glyceryl Caprylate
1120,
1120,
1121,glyceryl hydroxystearate
1122,Glyceryl Linoleate
1122,Glyceryl Linoleate
1123,Glyceryl Stearate
1123,
1124,
1124,
1125,Glyceryl Oleate
1126,
1126,Glyceryl Polymethacrylate
1127,Glycol Stearate
1127,Glycol Stearate
1128,
1128,Glyceryl Stearate SE
1129,
1130,Glycine
1130,Glycine
1131,Glycine HCl
1131,Glycine HCl
1132,Glycine Soja Oil
1132,
1133,
1134,
1134,
1135,
1135,
1136,Glycol Distearate
1136,Glycol Distearate
1137,
1138,
1138,Glycol stearate
1139,
1139,
1140,
1140,Glycolic Acid
1141,
1142,
1142,
1143,
1143,Glycoproteins
1144,Glycyrrhetinic acid
1144,Glycyrrhetinic acid
1145,Glycyrrhiza Uralensis Root Extract
1146,Glycyrrhiza Glabra Root Extract
1146,Glycyrrhiza Glabra Root Extract
1147,
1147,Glycyrrhiza Glabra Root Extract
1148,
1148,
1149,
1150,
1150,
1151,
1151,
1152,Vitis Vinifera Seed Extract
1152,Vitis Vinifera Seed Extract
1153,Vitis Vinifera Seed Oil
1154,
1154,
1155,
1155,
1156,
1156,
1157,
1158,
1158,
1159,
1159,
1160,
1160,
1161,
1162,
1162,
1163,
1163,
1164,
1164,
1165,
1166,
1166,
1167,Guar Hydroxypropyltrimonium Chloride
1167,Guar Hydroxypropyltrimonium Chloride
1168,Guaiazulene
1168,Guaiazulene
1169,Psidium Guajava Fruit Extract
1170,Xanthan Gum
1170,Xanthan Gum
1171,
1171,
1172,
1172,
1173,
1174,Hamamelis Virginiana Extract
1174,Hamamelis Virginiana Extract
1175,Hamamelis Virginiana Extract
1175,Hamamelis Virginiana Extract
1176,Hamamelis Virginiana flower water
1176,
1177,
1178,Crataegus Pinnatifida Fruit Extract
1178,Crataegus Pinnatifida Fruit Extract
1179,Hectorite
1179,Hectorite
1180,
1180,
1181,
1182,Hedychium Coronarium Root Extract
1182,Hedychium Coronarium Root Extract
1183,Helianthus Annuus Seed Oil
1183,Helianthus Annuus Seed Oil
1184,Helianthus Annuus Seed Oil
1184,Helianthus Annuus Seed Oil
1185,
1186,Lawsonia Inermis Extract
1186,Lawsonia Inermis Extract
1187,
1187,
1188,
1188,
1189,Heptyl Glucoside
1190,
1190,
1191,
1191,
1192,
1192,
1193,Hexapeptide-3
1194,Hexyl Cinnamal
1194,Hexyl Cinnamal
1195,Hexylene Glycol
1195,Hexylene Glycol
1196,
1196,
1197,
1198,Hibiscus Sabdariffa Flower Extract
1198,Hibiscus Sabdariffa Flower Extract
1199,
1199,
1200,
1200,
1201,Hinokitiol
1202,Histidine
1202,Histidine
1203,
1203,
1204,Honey
1204,Honey
1205,
1206,Honey Extract
1206,
1207,
1207,Lonicera Caprifolium Extract
1208,Humulus Lupulus Extract
1208,Humulus Lupulus Extract
1209,Hordeum Vulgare Extract
1210,Marrubium Vulgare Extract
1210,Marrubium Vulgare Extract
1211,Aesculus Hippocastanum Seed Extract
1211,Aesculus Hippocastanum Seed Extract
1212,
1212,
1213,Equisetum Arvense Extract
1214,Houttuynia Cordata Extract
1214,Houttuynia Cordata Extract
1215,
1215,
1216,
1216,
1217,
1218,
1218,Humulus Lupulus Extract
1219,Hyacinthus Orientalis Flower Extract
1219,Hyacinthus Orientalis Flower Extract
1220,Hyacinthus Orientalis extract
1220,Hyacinthus Orientalis extract
1221,Hyacinthus Orientalis Flower Extract
1222,
1222,Hydrochloric acid
1223,Hyaluronic Acid
1223,Hyaluronic Acid
1224,Hyaluronic Acid
1224,Hyaluronic Acid
1225,
1226,
1226,
1227,
1227,
1228,Hydrocortisone
1228,Hydrocortisone
1229,
1230,Hydrogen Peroxide
1230,Hydrogen Peroxide
1231,Hydrogenated Castor Oil
1231,Hydrogenated Castor Oil
1232,
1232,
1233,Hydrogenated Lecithin
1234,Hydrogenated Polydecene
1234,Hydrogenated Polydecene
1235,
1235,Hydrogenated starch Hydrolysate
1236,
1236,
1237,
1238,
1238,
1239,Hydrolyzed gelatin
1239,Hydrolyzed gelatin
1240,
1240,
1241,
1242,Hydrolyzed actin
1242,Hydrolyzed actin
1243,
1243,
1244,
1244,
1245,Hydrolyzed caviar extract
1246,Hydrolyzed Collagen
1246,Hydrolyzed Collagen
1247,Hydrolyzed Collagen PG-Propyl Methylsilanediol
1247,Hydrolyzed Collagen PG-Propyl Methylsilanediol
1248,Hydrolyzed elastin
1248,Hydrolyzed elastin
1249,Hydrolyzed Gardenia Florida Extract
1250,Hydrolyzed hyaluronic acid
1250,Hydrolyzed hyaluronic acid
1251,
1251,
1252,Hydrolyzed Keratin
1252,Hydrolyzed Keratin
1253,
1254,
1254,
1255,Hydrolyzed Milk Protein
1255,Hydrolyzed Milk Protein
1256,
1256,
1257,Hydrolyzed Oat Protein
1258,Hydrolyzed Oats
1258,Hydrolyzed Oats
1259,hydrolyzed pea protein
1259,hydrolyzed pea protein
1260,Hydrolyzed Rice Protein
1260,Hydrolyzed Rice Protein
1261,Hydrolyzed roe
1262,Hydrolyzed Silk
1262,Hydrolyzed Silk
1263,
1263,
1264,
1264,
1265,
1266,Hydrolyzed Soy Protein
1266,Hydrolyzed Soy Protein
1267,
1267,
1268,Hydrolyzed Vegetable Protein
1268,Hydrolyzed Vegetable Protein
1269,
1270,Hydrolyzed Wheat Protein
1270,Hydrolyzed Wheat Protein
1271,
1271,
1272,Hydrolyzed wheat protein PG-propyl silanetriol
1272,Hydrolyzed wheat protein PG-propyl silanetriol
1273,
1274,Hydrolyzed Wheat Starch
1274,Hydrolyzed Wheat Starch
1275,
1275,Hydroxyacetophenone
1276,
1276,
1277,
1278,Hydroxycitronellal
1278,Hydroxycitronellal
1279,
1279,
1280,Hydroxyapatite
1280,
1281,Hydroxycetyl hydroxyethyl dimonium chloride
1282,
1282,
1283,
1283,HYDROXYETHYL ISOBUTYL PIPERIDINE CARBOXYLATE
1284,Hydroxyethyl Urea
1284,Hydroxyethyl Urea
1285,
1286,
1286,Hydroxypropyl Biscetearyldimonium Chloride
1287,
1287,
1288,Hydroxypropyl Guar
1288,Hydroxypropyl Guar
1289,HYDROXYPROPYL GUAR HYDROXYPROPYLTRIMONIUM CHLORIDE
1290,
1290,
1291,
1291,Hydroxypropyltrimonium Honey
1292,Hydroxypropyltrimonium Hydrolyzed Casein
1292,Hydroxypropyltrimonium Hydrolyzed Casein
1293,
1294,
1294,
1295,Hypericum Perforatum extract
1295,Hypericum Perforatum extract
1296,
1296,Hypericum Perforatum extract
1297,Hypericum Perforatum Oil
1298,
1298,Hypochlorous acid
1299,
1299,
1300,Impatiens Balsamina Flower Extract
1300,Impatiens Balsamina Flower Extract
1301,
1302,Inositol
1302,Inositol
1303,Iodine
1303,Iodine
1304,
1304,
1305,Iodoform
1306,Iodopropynyl Butylcarbamate
1306,Iodopropynyl Butylcarbamate
1307,
1307,
1308,
1308,
1309,Ferric Chloride
1310,
1310,
1311,
1311,
1312,
1312,
1313,
1314,
1314,
1315,
1315,
1316,
1316,
1317,Isododecane
1318,Isobutane
1318,Isobutane
1319,
1319,
1320,Isobutylparaben
1320,
1321,Isoceteth-20
1322,
1322,
1323,
1323,Isohexadecane
1324,
1324,Isoleucine
1325,Isooctane
1326,
1326,
1327,Isopentyldiol
1327,Isopentyldiol
1328,
1328,
1329,Isopropyl Alcohol
1330,Isostearamidopropyl Morpholine Lactate
1330,
1331,
1331,
1332,Isopropyl Myristate
1332,Isopropyl Myristate
1333,
1334,
1334,
1335,
1335,
1336,
1336,
1337,
1338,
1338,
1339,Jasminum Officinale Extract
1339,Jasminum Officinale Extract
1340,
1340,
1341,
1342,
1342,
1343,
1343,
1344,
1344,
1345,
1346,
1346,
1347,
1347,
1348,
1348,
1349,Ziziphus Jujuba Fruit Extract
1350,
1350,
1351,
1351,
1352,Juniperus Communis Fruit Oil
1352,Juniperus Communis Fruit Oil
1353,
1354,
1354,
1355,Kaolin
1355,Kaolin
1356,
1356,
1357,
1358,Cedrus Atlantica Bark Oil
1358,Cedrus Atlantica Bark Oil
1359,Piper Methysticum Root Extract
1359,Piper Methysticum Root Extract
1360,
1360,Keratin
1361,Keratin Amino Acids
1362,Ketoconazole
1362,Ketoconazole
1363,
1363,
1364,
1364,
1365,
1366,Kunzea Ericoides Leaf Oil
1366,Kunzea Ericoides Leaf Oil
1367,Lactamide MEA
1367,Lactamide MEA
1368,
1368,
1369,Lactic acid
1370,
1370,
1371,
1371,
1372,Lactobacillus Ferment
1372,Lactobacillus Ferment
1373,
1374,
1374,
1375,
1375,
1376,
1376,
1377,
1378,
1378,
1379,
1379,
1380,Lactoferrin
1380,
1381,
1382,Lactoperoxidase
1382,Lactoperoxidase
1383,
1383,
1384,Lactose
1384,Lactose
1385,
1386,
1386,
1387,Laminaria Japonica Extract
1387,
1388,
1388,
1389,Lamium Album Flower Extract
1390,
1390,
1391,
1391,Lanolin
1392,Lanolin Oil
1392,Lanolin Oil
1393,Lard
1394,
1394,
1395,
1395,
1396,
1396,
1397,
1398,Lauramide DEA
1398,Lauramide DEA
1399,
1399,
1400,Lauramidopropyl Betaine
1400,Lauramidopropyl Betaine
1401,Lauramine Oxide
1402,
1402,
1403,
1403,
1404,Laureth-10
1404,Laureth-10
1405,Laureth-12
1406,
1406,Laureth-16
1407,Laureth-2
1407,Laureth-2
1408,Laureth-25
1408,Laureth-25
1409,
1410,
1410,
1411,Laureth-7
1411,
1412,Laureth-9
1412,
1413,Lauric acid
1414,
1414,
1415,
1415,
1416,
1416,
1417,
1418,
1418,Lauryl Betaine
1419,
1419,
1420,
1420,Lauryl Glucoside
1421,
1422,
1422,
1423,
1423,
1424,Lauryl Pyrrolidone
1424,Lauryl Pyrrolidone
1425,
1426,
1426,
1427,
1427,
1428,
1428,
1429,
1430,
1430,
1431,Lavandula angustifolia extract
1431,Lavandula angustifolia extract
1432,
1432,
1433,
1434,Lavandula Hybrida Oil
1434,Lavandula Hybrida Oil
1435,
1435,
1436,
1436,
1437,
1438,
1438,
1439,
1439,
1440,
1440,
1441,
1442,
1442,
1443,
1443,
1444,
1444,
1445,
1446,Lecithin
1446,Lecithin
1447,
1447,
1448,
1448,
1449,
1450,
1450,
1451,
1451,
1452,
1452,
1453,
1454,
1454,
1455,
1455,
1456,
1456,
1457,
1458,
1458,
1459,Leucine
1459,Leucine
1460,
1460,
1461,
1462,
1462,
1463,
1463,
1464,
1464,
1465,
1466,
1466,
1467,
1467,
1468,Limonene
1468,Limonene
1469,
1470,
1470,
1471,
1471,
1472,Linoleamidopropyl ethyldimonium ethosulfate
1472,Linoleamidopropyl ethyldimonium ethosulfate
1473,
1474,Linoleamidopropyl PG-dimonium chloride phosphate dimethicone
1474,
1475,
1475,
1476,
1476,
1477,
1478,
1478,
1479,
1479,
1480,
1480,
1481,Lipase
1482,
1482,
1483,
1483,
1484,Paraffin
1484,Paraffin
1485,
1486,
1486,
1487,
1487,
1488,
1488,
1489,
1490,
1490,
1491,
1491,
1492,
1492,
1493,
1494,
1494,
1495,
1495,
1496,
1496,
1497,Lysozyme
1498,
1498,
1499,
1499,
1500,
1500,
1501,
1502,
1502,
1503,
1503,
1504,
1504,
1505,Macadamia Integrifolia Seed Oil
1506,
1506,
1507,
1507,
1508,
1508,
1509,
1510,
1510,
1511,
1511,
1512,
1512,
1513,
1514,
1514,
1515,
1515,
1516,
1516,
1517,Magnesium Nitrate
1518,
1518,Magnesium Oleth Sulfate
1519,
1519,
1520,
1520,
1521,Magnesium sulfate
1522,
1522,
1523,
1523,
1524,
1524,
1525,
1526,
1526,
1527,
1527,
1528,
1528,
1529,
1530,
1530,
1531,
1531,
1532,
1532,
1533,
1534,
1534,
1535,
1535,
1536,
1536,
1537,
1538,
1538,
1539,
1539,Manganese chloride
1540,
1540,Manganese gluconate
1541,Manganese oxide
1542,
1542,
1543,
1543,Manganese sulfate
1544,
1544,
1545,
1546,
1546,
1547,
1547,
1548,
1548,
1549,
1550,
1550,
1551,
1551,
1552,
1552,
1553,
1554,
1554,
1555,
1555,
1556,Marrubium vulgare extract
1556,Marrubium vulgare extract
1557,
1558,
1558,
1559,
1559,
1560,
1560,
1561,
1562,
1562,
1563,
1563,
1564,
1564,
1565,
1566,
1566,
1567,
1567,
1568,
1568,
1569,
1570,
1570,
1571,
1571,
1572,
1572,
1573,
1574,
1574,
1575,
1575,
1576,Melia azadirachta leaf
1576,Melia azadirachta leaf
1577,
1578,
1578,
1579,
1579,
1580,
1580,
1581,
1582,
1582,
1583,
1583,
1584,
1584,
1585,
1586,
1586,
1587,
1587,
1588,Menthol
1588,Menthol
1589,
1590,Methionine
1590,Methionine
1591,
1591,
1592,
1592,
1593,
1594,
1594,
1595,
1595,
1596,
1596,
1597,
1598,
1598,
1599,
1599,
1600,
1600,
1601,Methyl salicylate
1602,
1602,
1603,
1603,
1604,Methylal
1604,Methylal
1605,
1606,
1606,
1607,Methylene Chloride
1607,Methylene Chloride
1608,Methylisothiazolinone
1608,Methylisothiazolinone
1609,
1610,
1610,
1611,
1611,
1612,
1612,
1613,
1614,
1614,
1615,
1615,
1616,
1616,
1617,
1618,Microcrystalline cellulose
1618,Microcrystalline cellulose
1619,
1619,
1620,
1620,
1621,
1622,Milk Protein
1622,Milk Protein
1623,Milk Protein Extract
1623,Milk Protein Extract
1624,
1624,
1625,
1626,
1626,
1627,
1627,
1628,Mink Oil
1628,Mink Oil
1629,
1630,
1630,
1631,
1631,
1632,
1632,
1633,
1634,
1634,
1635,
1635,
1636,
1636,
1637,
1638,
1638,
1639,
1639,
1640,Molasses
1640,Molasses
1641,Molybdic acid
1642,
1642,
1643,
1643,
1644,
1644,
1645,
1646,
1646,
1647,
1647,
1648,
1648,
1649,
1650,
1650,
1651,
1651,
1652,
1652,
1653,
1654,
1654,
1655,
1655,
1656,
1656,
1657,
1658,Myristic acid
1658,Myristic acid
1659,
1659,
1660,
1660,
1661,
1662,
1662,
1663,Myrtrimonium bromide
1663,Myrtrimonium bromide
1664,
1664,
1665,
1666,
1666,
1667,
1667,
1668,
1668,
1669,
1670,
1670,
1671,
1671,
1672,
1672,
1673,
1674,Sodium bicarbonate
1674,
1675,
1675,
1676,
1676,
1677,
1678,
1678,
1679,
1679,
1680,
1680,
1681,
1682,
1682,
1683,
1683,
1684,
1684,
1685,
1686,
1686,
1687,
1687,
1688,
1688,
1689,
1690,
1690,
1691,
1691,
1692,
1692,
1693,
1694,
1694,
1695,
1695,
1696,
1696,
1697,
1698,
1698,
1699,
1699,
1700,
1700,
1701,
1702,
1702,
1703,
1703,
1704,
1704,
1705,
1706,
1706,
1707,
1707,
1708,
1708,Niacin
1709,
1710,
1710,
1711,Nitric acid
1711,Nitric acid
1712,
1712,
1713,
1714,
1714,
1715,
1715,
1716,
1716,
1717,
1718,
1718,
1719,
1719,
1720,
1720,
1721,Nonoxynol-10
1722,
1722,
1723,
1723,
1724,
1724,
1725,
1726,
1726,
1727,
1727,
1728,
1728,
1729,
1730,
1730,
1731,
1731,
1732,
1732,
1733,
1734,Octyldodecanol
1734,
1735,
1735,
1736,
1736,
1737,
1738,
1738,
1739,Octoxynol-9
1739,Octoxynol-9
1740,
1740,
1741,
1742,
1742,
1743,
1743,
1744,
1744,
1745,
1746,
1746,
1747,
1747,
1748,
1748,
1749,Oenothera Biennis Oil
1750,
1750,
1751,
1751,
1752,
1752,
1753,
1754,
1754,
1755,
1755,
1756,
1756,
1757,
1758,Oleth-20
1758,Oleth-20
1759,Oleth-10
1759,Oleth-10
1760,Oleth-5
1760,Oleth-5
1761,
1762,Oleyl alcohol
1762,Oleyl alcohol
1763,
1763,
1764,
1764,
1765,Oleic acid
1766,
1766,
1767,
1767,
1768,
1768,
1769,
1770,
1770,
1771,
1771,
1772,
1772,
1773,
1774,
1774,
1775,
1775,
1776,
1776,
1777,
1778,
1778,
1779,
1779,
1780,
1780,
1781,
1782,Oryzanol
1782,Oryzanol
1783,
1783,
1784,
1784,
1785,
1786,
1786,
1787,
1787,
1788,
1788,
1789,
1790,
1790,
1791,Palm kernelamide DEA
1791,Palm kernelamide DEA
1792,
1792,
1793,
1794,
1794,
1795,Palmitic acid
1795,Palmitic acid
1796,
1796,
1797,Pancreatin
1798,Panthenol
1798,Panthenol
1799,
1799,
1800,
1800,
1801,
1802,
1802,
1803,
1803,
1804,
1804,
1805,
1806,
1806,
1807,
1807,
1808,
1808,
1809,
1810,
1810,
1811,
1811,
1812,
1812,
1813,
1814,
1814,
1815,
1815,
1816,
1816,
1817,
1818,
1818,
1819,
1819,
1820,
1820,
1821,
1822,
1822,
1823,
1823,
1824,
1824,
1825,
1826,
1826,
1827,
1827,
1828,
1828,
1829,
1830,
1830,
1831,
1831,
1832,
1832,
1833,
1834,
1834,
1835,
1835,
1836,
1836,
1837,
1838,
1838,
1839,
1839,
1840,PEG-100 Stearate
1840,PEG-100 Stearate
1841,PPG-12 Dimethicone
1842,
1842,
1843,
1843,
1844,
1844,
1845,PEG-120 STEARATE
1846,
1846,
1847,
1847,
1848,
1848,
1849,
1850,PEG-150
1850,PEG-150
1851,
1851,
1852,
1852,
1853,
1854,
1854,
1855,PEG-20 Stearate
1855,PEG-20 Stearate
1856,PEG-23 stearate
1856,
1857,
1858,
1858,
1859,
1859,
1860,
1860,
1861,
1862,PEG-45 palm kernel glycerides
1862,PEG-45 palm kernel glycerides
1863,
1863,
1864,
1864,
1865,
1866,
1866,
1867,
1867,
1868,
1868,
1869,
1870,
1870,
1871,
1871,
1872,
1872,
1873,PEG-75
1874,PEG-75 Lanolin
1874,PEG-75 Lanolin
1875,
1875,PEG-8
1876,
1876,
1877,PEG-8 Laurate
1878,PEG-8 Stearate
1878,PEG-8 Stearate
1879,
1879,
1880,
1880,
1881,
1882,
1882,
1883,
1883,
1884,
1884,
1885,
1886,
1886,
1887,
1887,
1888,Pentaclethra Macroloba Seed Oil
1888,Pentaclethra Macroloba Seed Oil
1889,
1890,
1890,
1891,
1891,
1892,
1892,
1893,
1894,
1894,
1895,
1895,
1896,
1896,
1897,
1898,
1898,
1899,
1899,
1900,
1900,
1901,
1902,
1902,
1903,
1903,
1904,
1904,
1905,Petrolatum
1906,
1906,
1907,
1907,
1908,
1908,
1909,
1910,
1910,
1911,
1911,
1912,Phenoxyethanol
1912,
1913,
1914,
1914,
1915,
1915,
1916,
1916,
1917,Phenyl Trimethicone
1918,Phenylalanine
1918,
1919,
1919,
1920,
1920,
1921,
1922,
1922,
1923,
1923,
1924,
1924,
1925,Phospholipids
1926,
1926,
1927,Phosphorus
1927,
1928,
1928,
1929,Phytosphingosine
1930,Phytantriol
1930,Phytantriol
1931,
1931,
1932,
1932,
1933,
1934,
1934,
1935,
1935,
1936,
1936,
1937,
1938,
1938,
1939,
1939,
1940,
1940,
1941,Pinus Pumilio Leaf Extract
1942,
1942,
1943,
1943,
1944,
1944,
1945,
1946,
1946,Piperonyl butoxide
1947,
1947,
1948,
1948,Piroctone Olamine
1949,
1950,
1950,
1951,
1951,
1952,
1952,
1953,
1954,
1954,
1955,
1955,
1956,
1956,
1957,
1958,
1958,
1959,
1959,
1960,
1960,
1961,
1962,
1962,Poloxamer 338
1963,
1963,Poloxamer 407
1964,
1964,
1965,
1966,
1966,
1967,
1967,
1968,
1968,
1969,
1970,
1970,
1971,
1971,
1972,Polyaminopropyl Biguanide
1972,Polyaminopropyl Biguanide
1973,
1974,
1974,
1975,
1975,
1976,
1976,
1977,
1978,
1978,
1979,
1979,
1980,
1980,
1981,
1982,
1982,
1983,
1983,
1984,
1984,
1985,
1986,
1986,
1987,
1987,
1988,
1988,
1989,
1990,
1990,
1991,
1991,
1992,
1992,
1993,
1994,
1994,
1995,
1995,
1996,
1996,
1997,
1998,
1998,
1999,
1999,
2000,
2000,
2001,
2002,
2002,
2003,
2003,
2004,
2004,
2005,
2006,
2006,
2007,
2007,
2008,
2008,
2009,
2010,
2010,
2011,
2011,
2012,
2012,
2013,
2014,
2014,
2015,Polyoxyethylene Hydrogenated Castor Oil
2015,Polyoxyethylene Hydrogenated Castor Oil
2016,
2016,
2017,
2018,
2018,
2019,
2019,
2020,
2020,
2021,
2022,
2022,
2023,
2023,
2024,
2024,
2025,
2026,
2026,
2027,
2027,
2028,
2028,
2029,
2030,
2030,
2031,
2031,
2032,
2032,
2033,
2034,Polyquaternium-10
2034,
2035,Polyquaternium-11
2035,Polyquaternium-11
2036,
2036,
2037,Polyquaternium-44
2038,Polyquaternium-47
2038,Polyquaternium-47
2039,Polyquaternium-67
2039,Polyquaternium-67
2040,Polyquaternium-7
2040,Polyquaternium-7
2041,Polyquaternium-37
2042,Polyquaternium-71
2042,Polyquaternium-71
2043,
2043,
2044,Polysorbate 85
2044,Polysorbate 85
2045,
2046,
2046,
2047,
2047,
2048,Polyquaternium-64
2048,
2049,Polyquaternium-22
2050,
2050,
2051,
2051,
2052,
2052,
2053,
2054,
2054,
2055,
2055,
2056,
2056,
2057,
2058,Portulaca Oleracea Extract
2058,Portulaca Oleracea Extract
2059,
2059,
2060,
2060,
2061,Potassium Chloride
2062,Potassium cocoate
2062,Potassium cocoate
2063,
2063,
2064,Potassium Cocoyl Glycinate
2064,Potassium Cocoyl Glycinate
2065,
2066,Potassium gluconate
2066,Potassium gluconate
2067,
2067,Potassium Hydroxide
2068,
2068,
2069,Potassium Iodide
2070,
2070,
2071,Potassium olivate
2071,Potassium olivate
2072,Potassium phosphate
2072,Potassium phosphate
2073,
2074,Potassium sorbate
2074,Potassium sorbate
2075,Potassium sulfate
2075,Potassium sulfate
2076,Potassium Thiocyanate
2076,Potassium Thiocyanate
2077,
2078,
2078,
2079,
2079,
2080,
2080,
2081,
2082,
2082,
2083,
2083,
2084,
2084,
2085,PPG-10 Methyl Glucose Ether
2086,PPG-12-PEG-50 Lanolin
2086,PPG-12-PEG-50 Lanolin
2087,PPG-12-PEG-65 Lanolin oil
2087,PPG-12-PEG-65 Lanolin oil
2088,
2088,PPG-1-PEG-9 Lauryl Glycol Ether
2089,PPG-26-Buteth-26
2090,
2090,
2091,
2091,PPG-3 Benzyl Ether Myristate
2092,
2092,
2093,
2094,
2094,
2095,
2095,
2096,Proline
2096,Proline
2097,Propane
2098,Propanediol
2098,Propanediol
2099,
2099,
2100,Propionic acid
2100,Propionic acid
2101,
2102,
2102,
2103,
2103,
2104,
2104,
2105,Propolis Extract
2106,
2106,
2107,
2107,
2108,
2108,
2109,
2110,
2110,
2111,
2111,
2112,Propyl gallate
2112,Propyl gallate
2113,
2114,
2114,
2115,
2115,
2116,
2116,
2117,Propylene glycol butyl ether
2118,Propylene Glycol Dicaprylate/Dicaprate
2118,Propylene Glycol Dicaprylate/Dicaprate
2119,
2119,
2120,
2120,
2121,
2122,
2122,
2123,Propylparaben
2123,Propylparaben
2124,
2124,
2125,Protease
2126,
2126,
2127,
2127,
2128,Prunus Amygdalus Dulcis Oil
2128,Prunus Amygdalus Dulcis Oil
2129,Prunus amygdalus dulcis oil
2130,Prunus Serrulata Flower Extract
2130,Prunus Serrulata Flower Extract
2131,Prunus Yedoensis Leaf Extract
2131,Prunus Yedoensis Leaf Extract
2132,Psidium guajava fruit extract
2132,Psidium guajava fruit extract
2133,Pueraria Lobata Root Extract
2134,
2134,
2135,Pulsatilla koreana extract
2135,Pulsatilla koreana extract
2136,
2136,
2137,
2138,Punica granatum Bark Extract
2138,Punica granatum Bark Extract
2139,Punica Granatum Extract
2139,Punica Granatum Extract
2140,
2140,
2141,Cymbopogon Schoenanthus oil
2142,
2142,
2143,
2143,
2144,
2144,
2145,PVM/MA Decadiene Crosspolymer
2146,PVP
2146,PVP
2147,
2147,
2148,
2148,
2149,
2150,Pyrethrins
2150,Pyrethrins
2151,
2151,
2152,
2152,Pyridoxine HCl
2153,
2154,
2154,
2155,Pyrus Sorbus Bud Extract
2155,Pyrus Sorbus Bud Extract
2156,
2156,
2157,
2158,
2158,
2159,
2159,
2160,Quaternium-15
2160,Quaternium-15
2161,
2162,
2162,
2163,Quaternium-18
2163,Quaternium-18
2164,
2164,
2165,Quaternium-88
2166,Quaternium-91
2166,Quaternium-91
2167,
2167,
2168,
2168,
2169,
2170,
2170,
2171,
2171,
2172,Prunus serotina bark extract
2172,Prunus serotina bark extract
2173,
2174,
2174,
2175,
2175,
2176,
2176,
2177,
2178,Resorcinol
2178,Resorcinol
2179,Retinol
2179,
2180,
2180,
2181,Retinyl Palmitate
2182,
2182,
2183,
2183,
2184,
2184,
2185,
2186,
2186,
2187,
2187,
2188,
2188,
2189,
2190,
2190,
2191,
2191,
2192,
2192,
2193,ROSA MOSCHATA SEED OIL
2194,
2194,
2195,Rosa Canina Fruit Extract
2195,Rosa Canina Fruit Extract
2196,Rosa Canina Fruit Oil
2196,Rosa Canina Fruit Oil
2197,
2198,Rosa centifolia flower water
2198,Rosa centifolia flower water
2199,
2199,
2200,rosa damascena flower water
2200,rosa damascena flower water
2201,Rosa Rugosa Flower Extract
2202,
2202,
2203,
2203,
2204,
2204,
2205,
2206,Rose Flower Oil
2206,Rose Flower Oil
2207,
2207,
2208,
2208,
2209,
2210,
2210,
2211,Rosmarinus Officinalis Leaf Extract
2211,Rosmarinus Officinalis Leaf Extract
2212,
2212,
2213,Rosmarinus officinalis extract
2214,
2214,
2215,
2215,
2216,
2216,
2217,Rosmarinus Officinalis
2218,Rosmarinus Officinalis Leaf Oil
2218,Rosmarinus Officinalis Leaf Oil
2219,Royal jelly
2219,Royal jelly
2220,Royal Jelly extract
2220,Royal Jelly extract
2221,Royal Jelly Powder
2222,
2222,
2223,
2223,
2224,Saccharide isomerate
2224,Saccharide isomerate
2225,Saccharin
2226,
2226,
2227,
2227,
2228,
2228,
2229,Saccharum Officinarum Extract
2230,
2230,
2231,
2231,
2232,Saccharide isomerate
2232,Saccharide isomerate
2233,Saccharin
2234,
2234,
2235,
2235,
2236,
2236,
2237,
2238,
2238,
2239,
2239,
2240,
2240,
2241,
2242,
2242,
2243,
2243,
2244,Salicornia Herbacea Extract
2244,Salicornia Herbacea Extract
2245,
2246,
2246,
2247,Salmon oil
2247,Salmon oil
2248,
2248,
2249,
2250,
2250,
2251,Salvia Officinalis Extract
2251,Salvia Officinalis Extract
2252,
2252,
2253,
2254,
2254,
2255,Sambucus Nigra Flower Extract
2255,Sambucus Nigra Flower Extract
2256,
2256,
2257,
2258,
2258,
2259,
2259,
2260,
2260,
2261,
2262,
2262,
2263,Saponins
2263,Saponins
2264,Sargassum Fulvellum Extract
2264,Sargassum Fulvellum Extract
2265,Satureja Montana Oil
2266,
2266,
2267,Saxifraga Sarmentosa Extract
2267,Saxifraga Sarmentosa Extract
2268,
2268,
2269,
2270,
2270,
2271,
2271,
2272,
2272,
2273,
2274,
2274,
2275,
2275,
2276,
2276,
2277,
2278,
2278,
2279,
2279,
2280,Sclerotium Gum
2280,Sclerotium Gum
2281,Scutellaria Baicalensis Root Extract
2282,
2282,
2283,
2283,
2284,
2284,
2285,SD Alcohol 40
2286,
2286,
2287,SD Alcohol 40-B
2287,SD Alcohol 40-B
2288,
2288,
2289,Sea Salt
2290,sea silt extract
2290,sea silt extract
2291,Sea Water
2291,Sea Water
2292,Sea Water Extract
2292,Sea Water Extract
2293,Selenium
2294,
2294,
2295,
2295,
2296,
2296,
2297,
2298,Serica
2298,
2299,Serine
2299,Serine
2300,
2300,
2301,
2302,
2302,
2303,
2303,
2304,
2304,
2305,
2306,
2306,
2307,
2307,
2308,Silica
2308,Silica
2309,
2310,
2310,
2311,
2311,
2312,
2312,
2313,
2314,
2314,
2315,
2315,
2316,
2316,
2317,
2318,Silk Amino Acids
2318,Silk Amino Acids
2319,
2319,
2320,
2320,
2321,Silkworm cocoon Extract
2322,
2322,
2323,
2323,
2324,Simethicone
2324,Simethicone
2325,Simmondsia chinensis seed extract
2326,
2326,
2327,
2327,
2328,
2328,
2329,
2330,Snail Secretion Filtrate
2330,Snail Secretion Filtrate
2331,
2331,
2332,
2332,
2333,
2334,Sodium acetate
2334,Sodium acetate
2335,Sodium Acrylates Copolymer
2335,Sodium Acrylates Copolymer
2336,
2336,
2337,Sodium anisate
2338,Sodium Ascorbate
2338,
2339,Sodium benzoate
2339,Sodium benzoate
2340,
2340,
2341,
2342,Sodium Bicarbonate
2342,Sodium Bicarbonate
2343,Sodium Borate
2343,Sodium Borate
2344,Sodium C14-16 Olefin Sulfonate
2344,Sodium C14-16 Olefin Sulfonate
2345,Sodium Carbomer
2346,Sodium Carbonate
2346,Sodium Carbonate
2347,
2347,
2348,
2348,
2349,
2350,Sodium Chloride
2350,Sodium Chloride
2351,Sodium chlorite
2351,Sodium chlorite
2352,
2352,
2353,Sodium Citrate
2354,
2354,
2355,Sodium coceth sulfate
2355,Sodium coceth sulfate
2356,
2356,
2357,
2358,Sodium cocoate
2358,
2359,
2359,
2360,Sodium Cocoyl Alaninate
2360,Sodium Cocoyl Alaninate
2361,Sodium Cocoyl Apple Amino Acids
2362,
2362,
2363,Sodium Cocoyl Glutamate
2363,Sodium Cocoyl Glutamate
2364,
2364,
2365,
2366,
2366,Sodium Cocoyl Isethionate
2367,
2367,
2368,
2368,
2369,
2370,
2370,
2371,Sodium fluoride
2371,Sodium fluoride
2372,Sodium gluconate
2372,
2373,SODIUM GLUTAMATE
2374,
2374,
2375,Sodium Glycolate
2375,Sodium Glycolate
2376,Sodium Hexametaphosphate
2376,Sodium Hexametaphosphate
2377,Sodium Hinokitiol
2378,Sodium Hyaluronate
2378,Sodium Hyaluronate
2379,
2379,
2380,Sodium Hydroxide
2380,
2381,
2382,Sodium Hypochlorite
2383,
2383,
2384,Sodium iodide
2384,Sodium iodide
2385,Sodium isostearoyl lactate
2386,Sodium Lactate
2387,
2387,
2388,
2388,
2389,Sodium Laureth Sulfate
2390,
2391,
2391,
2392,
2392,
2393,
2394,
2395,
2395,
2396,
2396,
2397,Sodium Laureth-13 Carboxylate
2398,Sodium Lauroamphoacetate
2399,Sodium Lauroyl Hydrolyzed Silk
2399,Sodium Lauroyl Hydrolyzed Silk
2400,
2400,Sodium Lauroyl Lactylate
2401,
2402,
2403,
2403,
2404,
2405,
2406,
2407,
2407,
2408,
2409,
2410,
2411,Sodium levulinate
2411,
2412,Sodium metabisulfite
2413,Sodium Methyl Cocoyl Taurate
2414,Sodium Methyl Lauroyl Taurate
2415,
2415,
2419,
2419,
2423,Sodium PCA
2423,
2427,
2427,
2431,Sodium Polyacrylate
2435,
2439,
2443,SODIUM STEAROYL LACTYLATE
